timestamp,it_load_kW,hvac_kW,ups_kW,total_consumption_kW,pue,temperature_C
2025-01-01 00:00:00,247.62351886183944,107.3983662913307,33.31390432418709,388.33578947735725,1.5682508319980206,21.209913914573068
2025-01-01 01:00:00,261.0155701205485,87.06264804521798,40.76936302741839,388.84758119318485,1.4897486039380636,17.012247174279114
2025-01-01 02:00:00,230.26640569050656,65.2132687315264,40.51223275305693,335.9919071750899,1.459144273206251,20.80882061228006
2025-01-01 03:00:00,190.55581638555634,86.88678511155376,32.483869207782845,309.92647070489295,1.6264340631713439,20.536358098290414
2025-01-01 04:00:00,202.38052334122256,78.03865905328304,37.16443952947832,317.5836219239839,1.5692400468227063,19.048576993705378
2025-01-01 05:00:00,237.55965666144377,54.56471350000888,37.97194587463466,330.09631603608733,1.3895301949628653,17.952806956723983
2025-01-01 06:00:00,235.5695700718553,88.06230758659773,29.964729408736062,353.5966070671891,1.501028366946258,12.396383874192956
2025-01-01 07:00:00,276.4647564794787,100.77871665241874,35.43576311544691,412.6792362473443,1.4927010643325038,13.548716135941659
2025-01-01 08:00:00,241.74609447208957,84.10169962350065,39.78230489463558,365.63009899022575,1.5124550400231556,14.69715323080542
2025-01-01 09:00:00,338.03256286889723,126.53973795408473,50.27323707847839,514.8455379014604,1.5230649187520386,14.663194146268994
2025-01-01 10:00:00,357.22340098897223,118.84614948899969,39.50728304683335,515.5768335248052,1.4432896391933783,14.496514093476678
2025-01-01 11:00:00,318.93241184818993,121.55240018437101,35.30293952878159,475.7877515613426,1.4918137319571487,12.893516286633151
2025-01-01 12:00:00,358.3121829626406,117.77669024705024,47.7977256323564,523.8865988420472,1.462095412191637,14.467265866762611
2025-01-01 13:00:00,367.0771875907546,129.23546113127585,43.13243761410787,539.4450863361383,1.4695685391856943,15.787752447187122
2025-01-01 14:00:00,380.29143249470894,132.43646024621492,52.48253143856759,565.2104241794914,1.486256002328833,18.8153527496725
2025-01-01 15:00:00,407.9250809052988,154.78630709982014,42.1324745638658,604.8438625689847,1.4827327146118807,21.733467975564594
2025-01-01 16:00:00,378.1789509812893,129.47741915416034,52.04634842519694,559.7027185606465,1.479994370676485,16.90045859844374
2025-01-01 17:00:00,361.93950673518634,122.86469731883363,47.58720712400443,532.3914111780244,1.470940312596352,20.478449763293696
2025-01-01 18:00:00,377.26608857229854,138.90634833699949,38.86166875144518,555.0341056607433,1.4712006259591965,19.700218692014857
2025-01-01 19:00:00,370.31203048425414,142.02451234898152,47.10251738556821,559.4390602188039,1.5107234282592166,23.31326070497902
2025-01-01 20:00:00,316.3070270385548,127.01471956212399,42.08296673963234,485.40471334031116,1.5345998408095594,22.591395393252867
2025-01-01 21:00:00,306.4852219396402,107.89352572113107,41.81910976268777,456.1978574234591,1.4884823957786244,23.066253392920437
2025-01-01 22:00:00,251.6982175502997,108.92203825779586,46.858312430835014,407.4785682389305,1.6189171786943604,22.360847528490904
2025-01-01 23:00:00,274.4278759580538,89.96572262338348,26.48517831862029,390.8787769000576,1.4243406415454793,20.746614114282675
2025-01-02 00:00:00,279.39250394830333,89.09407588395572,31.8302417056296,400.31682153788864,1.4328116033204679,19.909265979336745
2025-01-02 01:00:00,234.41283361564436,79.72728911381935,37.38491451864243,351.5250372481062,1.4995980886630345,19.73396350334026
2025-01-02 02:00:00,213.37907058630418,92.89871146813988,29.794851074939828,336.0726331293839,1.5750027976312446,20.6919401066477
2025-01-02 03:00:00,173.98285319972288,71.03730816526966,34.50078739723339,279.52094876222594,1.6066005564430597,21.336974543899117
2025-01-02 04:00:00,208.7012346009225,73.25747236366763,30.653337597070035,312.6120445616602,1.4978926462003708,18.805453539919196
2025-01-02 05:00:00,185.65716938532003,67.33857963701819,41.33083293158582,294.326581953924,1.5853230065307486,15.866155974152603
2025-01-02 06:00:00,252.1380722670773,80.04380607030751,30.022094215862108,362.2039725532469,1.4365302681047798,17.884511764538644
2025-01-02 07:00:00,289.3689505974606,100.30983220852389,42.57332076951577,432.25210357550026,1.49377499791539,15.305209451118888
2025-01-02 08:00:00,303.90460701523523,111.97376231247122,44.716018973692044,460.59438830139845,1.5155887001025559,14.44276666970346
2025-01-02 09:00:00,304.52125598559894,104.75765450120002,41.3338111605548,450.61272164735374,1.479741439358386,14.339437975186272
2025-01-02 10:00:00,333.8408785051406,102.4964431453036,49.77914794327006,486.11646959371427,1.4561322501019864,12.87155052193484
2025-01-02 11:00:00,333.9090103569865,132.8237153704921,36.985508232570254,503.7182339600489,1.5085493902111748,12.429571691384433
2025-01-02 12:00:00,369.2809920364393,129.54489730697878,37.98150875303159,536.8073980964497,1.4536556434604668,14.260832795224944
2025-01-02 13:00:00,383.5685699581902,117.34320969351835,42.97465072068874,543.8864303723973,1.4179640173116428,15.876323952673815
2025-01-02 14:00:00,388.02135499910526,126.94220148927702,34.86369463465013,549.8272511230325,1.4170025542132865,17.45145365429835
2025-01-02 15:00:00,341.7534000159383,154.1380134510532,55.61043295371704,551.5018464207086,1.6137420912125182,16.25731460159753
2025-01-02 16:00:00,392.9236701497823,142.8985672263588,40.781428962366995,576.6036663385082,1.4674699188234377,18.92360157707999
2025-01-02 17:00:00,387.32966753154824,124.83810518526624,42.874019152137656,555.0417918689521,1.4329958131176297,17.401227378327448
2025-01-02 18:00:00,350.5180161691339,121.05907392003509,35.59316085619685,507.1702509453658,1.4469163567918952,23.074104611877228
2025-01-02 19:00:00,353.72850986732345,117.93644580316708,32.1676583080006,503.83261397849117,1.424348334736911,20.798765610549246
2025-01-02 20:00:00,338.9864681627067,125.81015708280619,46.96957266143666,511.7661979069495,1.5096950644688036,20.444615507412546
2025-01-02 21:00:00,260.5800600357599,117.66744096288133,37.20926283428243,415.4567638329237,1.594353626965585,23.286450532049265
2025-01-02 22:00:00,293.89750162796395,123.44274134721807,35.952924746413295,453.29316772159535,1.542351211598272,22.157085704974737
2025-01-02 23:00:00,245.6564068510071,95.05160868630952,49.29837022901009,390.00638576632673,1.5876092578479717,20.072868894534274
2025-01-03 00:00:00,214.70781374637866,97.30242737120042,39.2728967353654,351.2831378529445,1.6360985272193866,23.65011783726504
2025-01-03 01:00:00,224.4252165315817,83.63947445265087,43.302011768099725,351.3667027523323,1.5656293360549662,18.783491781103738
2025-01-03 02:00:00,197.66299293018693,75.1189201486679,29.30964677086778,302.0915598497226,1.528316228402041,19.845806456544427
2025-01-03 03:00:00,200.27981815228605,78.69371022659652,48.0369517026644,327.010480081547,1.6327680097697073,17.222228068175113
2025-01-03 04:00:00,193.20071183016034,65.85201374478231,34.61328427591897,293.66600985086166,1.5200048026169735,18.30795124207175
2025-01-03 05:00:00,208.3629979978265,79.78283221241573,38.00728474043932,326.1531149506816,1.565312066368347,17.353054900978123
2025-01-03 06:00:00,212.60879272692017,49.3718646790015,39.74400973991549,301.72466714583715,1.419154228176158,14.214217018858616
2025-01-03 07:00:00,242.82545944673893,66.93295698555764,32.92396400793113,342.68238044022775,1.411229206447322,13.540491816151983
2025-01-03 08:00:00,255.2442069285438,94.90250860935835,38.02884798198179,388.17556351988395,1.5208006802228995,16.128051465179645
2025-01-03 09:00:00,273.74836384663564,93.76784104334905,42.94592105995136,410.4621259499361,1.499413988022565,14.535940490760275
2025-01-03 10:00:00,342.13909598153555,104.04438932955266,37.86337380056182,484.04685911165,1.4147662889065822,15.740440458692328
2025-01-03 11:00:00,344.6134403750798,137.70647718255412,47.20337426975894,529.5232918273929,1.5365717925889828,15.24979906217048
2025-01-03 12:00:00,370.7226079863868,151.0071888240223,52.075836193462166,573.8056330038712,1.5478031839507933,17.081126831332337
2025-01-03 13:00:00,409.37145150328445,142.66757993077152,35.924700470352334,587.9637319044083,1.4362597336607166,17.142132004119336
2025-01-03 14:00:00,398.7192107476714,141.16201856874395,46.782193289612145,586.6634226060274,1.4713698432185554,16.403311525435974
2025-01-03 15:00:00,389.6823936916859,135.32422581220922,35.5496803276987,560.5562998315938,1.4384953205638082,20.685577897438183
2025-01-03 16:00:00,365.96075686092377,112.55744502379785,44.17640100843093,522.6946028931526,1.4282804729573573,19.190658654531838
2025-01-03 17:00:00,392.21193349981473,141.48233932693913,44.32437149928281,578.0186443260367,1.4737405850153964,20.40220656127111
2025-01-03 18:00:00,372.0058606223536,131.35858121753867,52.74378119324862,556.1082230331409,1.4948910269929352,21.501851349244628
2025-01-03 19:00:00,363.79945885742507,143.24001807487753,46.24694875618298,553.2864256884856,1.5208555488954738,23.65200285879544
2025-01-03 20:00:00,320.46214024152187,117.09499587158643,46.51198032250228,484.06911643561057,1.5105344926885387,20.90326721719978
2025-01-03 21:00:00,292.67802740586137,109.6815121866083,48.51541831387518,450.87495790634483,1.540515227270919,22.329100969979297
2025-01-03 22:00:00,237.301752687872,94.14041510494134,40.58174122791996,372.0239090207333,1.567725079174043,21.924786604619477
2025-01-03 23:00:00,264.81146708491906,116.93728831320412,37.64127920590474,419.39003460402796,1.583730641353001,21.316790890079158
2025-01-04 00:00:00,164.50175229014232,48.65234145309925,43.37773724152385,256.5318309847654,1.5594474065680695,19.240682721438795
2025-01-04 01:00:00,172.15365686645154,59.220231229836436,21.630916666548753,253.00480476283673,1.469645253943723,15.780955345246294
2025-01-04 02:00:00,183.05521171997097,75.4607636303457,30.051773619356,288.5677489696727,1.5763973407712082,17.902986439898964
2025-01-04 03:00:00,172.5635796972915,68.98052228372433,34.28586342324028,275.8299654042561,1.5984251479258427,19.586922926007674
2025-01-04 04:00:00,171.97586832682904,59.99230526618669,49.562989827875015,281.5311634208907,1.6370387668917532,16.83808553607001
2025-01-04 05:00:00,189.40185842353054,62.414226546827905,49.593649617181086,301.40973458753956,1.591376859215092,15.364484836051894
2025-01-04 06:00:00,159.73198696421323,45.266432770899996,33.812448673735474,238.8108684088487,1.4950722954592213,14.886339321799792
2025-01-04 07:00:00,208.95187042297607,64.55601222716555,36.083269279139515,309.5911519292811,1.4816385768769786,15.926547058186383
2025-01-04 08:00:00,249.29157092111458,95.16128470081165,34.85711782718874,379.309973449115,1.5215515392180796,13.94486322868616
2025-01-04 09:00:00,266.49759416268284,88.29236627472069,44.987066877465764,399.7770273148693,1.5001149581516535,13.533917312956415
2025-01-04 10:00:00,236.09643973915604,97.22918177590942,35.24787717743262,368.57349869249805,1.5611141747825814,14.931034859600203
2025-01-04 11:00:00,299.41632275992686,115.38147008834939,41.718376742153986,456.5161695904302,1.524686982267385,16.21460620757515
2025-01-04 12:00:00,305.2021223394935,112.05254731097028,38.57857627091017,455.83324592137393,1.4935454656318705,15.774200660906422
2025-01-04 13:00:00,290.42966820290184,112.53048158336253,39.26347103967386,442.2236208259382,1.5226530525007835,16.336638827616962
2025-01-04 14:00:00,290.80440982497214,100.75388818779948,31.632502936829432,423.19080094960105,1.4552420343429764,14.341898822999138
2025-01-04 15:00:00,315.8950180232693,130.20665147540285,45.99954480294282,492.10121430161496,1.5577998582597654,15.44713757342056
2025-01-04 16:00:00,341.98060945875227,119.4003482905346,38.50705462666374,499.88801237595055,1.4617437320996534,19.086095499640148
2025-01-04 17:00:00,317.72338708369136,122.97518193180144,49.83002881988497,490.5285978353778,1.5438857124677696,19.103524956191684
2025-01-04 18:00:00,279.38411609434223,106.40788385846132,44.73535799555867,430.52735794836224,1.5409872399581301,19.93055849772899
2025-01-04 19:00:00,283.6929416725706,113.24330352627271,51.23045234538117,448.16669754422446,1.5797597744306386,21.80569511997775
2025-01-04 20:00:00,283.49697808777773,109.19585844942935,45.02975527159609,437.72259180880314,1.544011490920631,22.947203834935525
2025-01-04 21:00:00,243.1765958176047,115.21272517750906,36.4974233408223,394.88674433593604,1.6238682139958978,26.39423630811728
2025-01-04 22:00:00,217.11684360444377,76.88131806176709,32.23876075036529,326.23692241657614,1.5025868882422302,20.395527982438566
2025-01-04 23:00:00,216.55997496010787,99.81708676149663,27.414153905467522,343.791215627072,1.587510414564839,21.753014294188148
2025-01-05 00:00:00,153.76359137761997,76.1175713210403,31.57238355803522,261.45354625669546,1.7003605594422242,24.336558355500394
2025-01-05 01:00:00,189.07947755470718,76.2934001576627,38.7528802398209,304.1257579521908,1.6084546132945432,18.629327816191832
2025-01-05 02:00:00,148.07391019045912,55.07649288410589,39.81586418530375,242.96626725986877,1.640844541400676,19.7887569265874
2025-01-05 03:00:00,169.39268791829565,59.884774548481914,37.56841336643823,266.8458758332158,1.5753092952980676,16.142096130224253
2025-01-05 04:00:00,180.21425136126132,66.41169868096549,38.83335769988386,285.4593077421107,1.5839996314712808,18.732975685613773
2025-01-05 05:00:00,178.22689952360537,56.75635973360829,26.388907571029705,261.3721668282434,1.46651357077345,14.69811246532591
2025-01-05 06:00:00,178.63481490118707,62.22434201162036,29.025168835556606,269.88432574836406,1.5108159397576122,15.95548162057791
2025-01-05 07:00:00,200.72477031971692,57.591845703128804,34.756121876666626,293.07273789951233,1.4600726030609097,15.661980307612561
2025-01-05 08:00:00,240.8814415817849,76.70148763795868,37.39002763240587,354.9729568521495,1.473641782119723,13.287496301371599
2025-01-05 09:00:00,219.58056791435882,82.692366017691,39.008984956469824,341.2819188885196,1.5542446316179808,11.581684229460635
2025-01-05 10:00:00,247.21067593750513,71.17246352136456,40.835986085831536,359.2191255447012,1.4530890471555193,12.6865265805114
2025-01-05 11:00:00,287.6355884725942,74.03380594868139,41.66782999051567,403.3372244117912,1.4022507665118813,14.619236055362146
2025-01-05 12:00:00,311.86673069509413,109.89075642650769,41.12906219108812,462.8865493126899,1.4842447229975448,15.874194541672065
2025-01-05 13:00:00,308.4465861884277,122.64676735295826,48.24438829871535,479.33774184010133,1.554038084076176,17.0691118583054
2025-01-05 14:00:00,306.231724462926,100.90670743075879,45.853431893826354,452.9918637875112,1.4792453805430361,15.421168123715344
2025-01-05 15:00:00,331.7351683925539,119.75418703287548,34.84981803229787,486.33917345772727,1.4660464725953477,20.00265925064465
2025-01-05 16:00:00,308.8695505714306,110.42920553845688,27.224246221090375,446.5230023309778,1.4456685727190608,19.645032824005458
2025-01-05 17:00:00,347.00129930399135,135.7760964813321,46.84202671751039,529.6194225028338,1.5262750415204047,19.848034639879803
2025-01-05 18:00:00,321.8876018570824,104.84487538108671,27.8926231231756,454.6251003613447,1.4123721999183974,19.700429842229397
2025-01-05 19:00:00,316.98307256755845,115.01579977843679,44.52995485847728,476.52882720447246,1.503325787539996,19.76854417667354
2025-01-05 20:00:00,246.23995612776199,85.30739992754334,46.96252889452735,378.50988494983267,1.5371586760413578,18.26560135929038
2025-01-05 21:00:00,236.03438876337592,108.66436903734527,40.9663213446237,385.66507914534486,1.633935975032746,20.949001040446152
2025-01-05 22:00:00,220.79510546190465,89.31694734685816,34.586010367564086,344.6980631763269,1.561167139349473,21.55782113080888
2025-01-05 23:00:00,184.88274091694316,77.53556575624603,36.43839358701523,298.85670026020443,1.616466192452561,23.690751889618873
2025-01-06 00:00:00,225.55003226468384,80.0080022925288,42.313391317326094,347.8714258745387,1.5423248774635965,21.68104267600307
2025-01-06 01:00:00,238.81041818562076,71.64894812108302,35.0311270728362,345.49049337954,1.4467144943023371,17.843978620016447
2025-01-06 02:00:00,193.25166272332822,52.52805937222634,42.12435229206322,287.9040743876178,1.4897883429846615,19.728745580841764
2025-01-06 03:00:00,203.59686260261591,56.62531412520868,34.14112630958304,294.36330303740766,1.4458145340478619,15.991831533318429
2025-01-06 04:00:00,240.0876437814615,83.14682487108773,32.05551034595161,355.2899789985009,1.47983450294469,19.94828442675007
2025-01-06 05:00:00,226.913405612555,83.65564474628147,28.659411824636965,339.2284621834734,1.4949688021636394,19.829223227165475
2025-01-06 06:00:00,244.88577622536314,75.22627239447115,33.80227647983395,353.91432509966825,1.4452220564005664,15.510224381653646
2025-01-06 07:00:00,254.43845431773076,93.71154990560983,46.48397514096719,394.6339793643078,1.5509997512856584,13.459565890362612
2025-01-06 08:00:00,264.09847786425996,89.37624226410276,36.734731904165784,390.2094520325285,1.4775149602834379,16.0695543499237
2025-01-06 09:00:00,292.3082312610627,102.35048486259431,43.88900052126381,438.54771664492085,1.5002920538807905,14.485597881138617
2025-01-06 10:00:00,327.3422436772624,134.91449021493403,52.57010799291555,514.8268418851119,1.5727479475355977,14.783492388919038
2025-01-06 11:00:00,333.23398248092667,110.1973218723256,32.00570278616465,475.4370071394169,1.4267362638101577,14.775673134142018
2025-01-06 12:00:00,363.667531915925,129.92823688981292,38.71653555545534,532.3123043611932,1.4637333763528184,13.938929256683858
2025-01-06 13:00:00,368.70281187746576,139.2409133439185,41.153699330687935,549.0974245520722,1.4892683398752016,16.844170776452145
2025-01-06 14:00:00,384.48350109195303,127.14756602342894,45.80253953008358,557.4336066454655,1.4498245179892641,18.736229148617127
2025-01-06 15:00:00,418.3191036340871,140.21582884561465,49.731658865342965,608.2665913450447,1.4540731849461717,18.173596218419704
2025-01-06 16:00:00,397.6137952790947,139.69593758181733,35.371314151389335,572.6810470123014,1.4402947126377312,18.35105289460801
2025-01-06 17:00:00,352.87259833887464,126.30725362970198,44.44398324673682,523.6238352153134,1.4838891930975637,19.260342658119907
2025-01-06 18:00:00,359.32807281283476,139.20208284691094,36.01135393756095,534.5415095973066,1.487614105441008,21.79428919560665
2025-01-06 19:00:00,378.5139809447435,149.2247080958616,44.967582918872985,572.706271959478,1.51303862153267,22.897277763744967
2025-01-06 20:00:00,356.4343224220971,141.0669865230515,32.30229755383913,529.8036064989877,1.4863989609608443,21.252023234733066
2025-01-06 21:00:00,277.52622818642976,97.4534623735056,33.3904235648933,408.37011412482866,1.471464937903108,19.88611016114519
2025-01-06 22:00:00,284.19143783198945,103.31203895444477,44.69509613056018,432.1985729169944,1.5208008243109175,22.30618280609461
2025-01-06 23:00:00,254.41818691746045,97.45042729562805,37.45604256749978,389.32465678058827,1.5302548198210957,20.780763339550337
2025-01-07 00:00:00,188.72867995703183,80.81571210913738,36.45228979579513,305.99668186196436,1.6213576120578554,20.797457277588347
2025-01-07 01:00:00,226.88722725379412,84.30784531419842,32.272085883613194,343.46715845160577,1.5138232443001576,22.727270656827084
2025-01-07 02:00:00,249.5382969015393,98.88428447225536,47.567670371840066,395.9902517456347,1.586891698238532,20.858206750317876
2025-01-07 03:00:00,195.9875231566383,68.43422389105247,32.614004182462764,297.03575123015355,1.5155850048309192,14.593530292965202
2025-01-07 04:00:00,206.75581048637943,69.45446071543144,30.138047336931976,306.3483185387429,1.4816914592053236,15.170816863358436
2025-01-07 05:00:00,239.1612656736814,80.61870395790204,39.185329228986866,358.96529886057033,1.5009340992130098,15.715043952229857
2025-01-07 06:00:00,227.3568373668141,84.13218988443407,48.580099349013494,360.06912660026165,1.5837180476755646,12.16302549243272
2025-01-07 07:00:00,246.01491727558582,89.40191636580668,34.836469713872184,370.2533033552647,1.5050034666820917,11.065613636260972
2025-01-07 08:00:00,281.2633137677364,103.2036291521322,37.61312536069051,422.0800682805591,1.500658093750212,13.115877109164657
2025-01-07 09:00:00,272.4930111582973,91.0413420057344,29.5282035936181,393.0625567576498,1.4424683961135099,12.833485631444278
2025-01-07 10:00:00,331.86883261636996,117.37956581762023,38.34197603269483,487.59037446668503,1.4692261717457642,13.192665610674107
2025-01-07 11:00:00,319.7643770104185,114.47942984744968,45.540375101778366,479.78418195964656,1.5004303682771214,14.483172431545748
2025-01-07 12:00:00,363.98708600213894,127.90327273814061,32.45211816046496,524.3424769007445,1.4405524181087657,13.58308241405779
2025-01-07 13:00:00,392.5507690565264,126.52671086608545,57.79785437921541,576.8753343018273,1.4695559906513864,15.149880596048433
2025-01-07 14:00:00,417.1141127971179,156.51303998183425,52.19906674639872,625.8262195253509,1.500371721610267,16.201613330837212
2025-01-07 15:00:00,374.91277530773607,144.10044058306798,37.09786724848367,556.1110831392878,1.4833079045727915,19.05106482982374
2025-01-07 16:00:00,390.6672198616243,135.48609403156982,41.94651633197296,568.099830225167,1.454178393637403,15.360190993970367
2025-01-07 17:00:00,381.9154740539897,152.13888063587052,47.40919183767786,581.4635465275381,1.5224927661489285,20.132509342670083
2025-01-07 18:00:00,329.41521716860916,105.07398803679274,41.94759597982062,476.4368011852225,1.4463108452617757,17.288084153961552
2025-01-07 19:00:00,342.5935094733048,121.11715313529089,46.59037155913465,510.30103416773034,1.4895233565640376,18.496241436036332
2025-01-07 20:00:00,326.9958288310911,115.76866733521226,40.72564478711851,483.4901409534219,1.4785819827786475,21.783608547746596
2025-01-07 21:00:00,309.597384470998,101.2598422880065,32.618879056148174,443.47610581515266,1.4324284637381874,21.960290887442852
2025-01-07 22:00:00,312.9650328413596,120.72758427760108,42.086525446555804,475.77914256551645,1.520230992727825,21.76098488797957
2025-01-07 23:00:00,256.5775555126108,92.1880994980771,42.16169933823814,390.927354348926,1.5236225692769603,20.742177333348813
2025-01-08 00:00:00,234.8081882491119,86.81510754909527,38.41807574230697,360.0413715405142,1.5333424878630737,20.164595117064565
2025-01-08 01:00:00,220.04128561456125,85.92248809070637,38.57844801359122,344.54222171885885,1.56580716548976,18.045730915677076
2025-01-08 02:00:00,212.29311564056565,88.54805574890717,45.19457618200678,346.0357475714796,1.6299904334031923,18.55812406391717
2025-01-08 03:00:00,218.4705274032451,82.41695077126968,39.44694368269331,340.33442185720804,1.55780473413254,19.377055021406463
2025-01-08 04:00:00,241.86690906926404,88.08460179036422,35.012424048998405,364.96393490862664,1.5089452968703172,12.926976883015236
2025-01-08 05:00:00,202.0990068541111,78.0372766492249,43.48445668670912,323.6207401900451,1.601298023318129,14.823124987138492
2025-01-08 06:00:00,236.33307237110046,84.2788292934333,46.1811324457288,366.79303411026257,1.5520173728978068,13.21763206037086
2025-01-08 07:00:00,210.10305849577674,64.90113298705342,42.54165332739979,317.54584481022994,1.5113813529592808,11.285853196717987
2025-01-08 08:00:00,245.12503947266163,89.95069735838271,27.842353953783043,362.91809078482737,1.4805427122646235,12.871600436619048
2025-01-08 09:00:00,302.29363201728034,106.49980257194,30.951945318091962,439.7453799073123,1.4546961408772736,13.015032863895847
2025-01-08 10:00:00,283.3747291145026,121.16571358946425,44.812839277379936,449.35328198134675,1.585721081712186,8.956378224984153
2025-01-08 11:00:00,350.46435782223034,116.12048603579525,36.55014984886699,503.13499370689254,1.4356238586809529,10.184588448941716
2025-01-08 12:00:00,386.86838233982485,145.796150262624,50.13384038273941,582.7983729851883,1.5064512883176344,14.352826864204527
2025-01-08 13:00:00,361.2534871132554,137.2808575049806,40.17190921906705,538.706253837303,1.4912139897722705,14.893733161116701
2025-01-08 14:00:00,372.8429490081663,128.59710199337346,55.02531623747001,556.4653672390098,1.4924926667362608,18.442695888930874
2025-01-08 15:00:00,389.30418135722306,153.25578081912238,41.67664080889754,584.2366029852429,1.500720082040812,16.641078823694375
2025-01-08 16:00:00,376.442191888186,152.94510367958713,41.19128326539679,570.57857883317,1.5157136769691533,20.234339867015336
2025-01-08 17:00:00,376.0257235265335,149.60425949569566,39.32660305850966,564.9565860807389,1.5024413244453843,18.647031236450108
2025-01-08 18:00:00,349.7106089569717,138.422712376898,40.19326206596645,528.3265833998362,1.5107536627944889,18.309720353355917
2025-01-08 19:00:00,360.1258323488184,138.81565960207365,39.577877306874086,538.5193692577661,1.4953644556554764,21.16819048354143
2025-01-08 20:00:00,328.0700315777268,110.81087240599713,42.751281151250815,481.63218513497475,1.4680773578090927,20.638511659694004
2025-01-08 21:00:00,297.83296614692523,125.86381864798649,41.31602802217727,465.01281281708896,1.5613208263442924,21.19068085730603
2025-01-08 22:00:00,234.07767419091059,88.45642421838957,36.83126143521224,359.3653598445124,1.5352397920333867,17.275076459857324
2025-01-08 23:00:00,241.0020414516315,79.8669475545931,41.9293377447637,362.7983267509883,1.5053744962728914,21.44937827112081
2025-01-09 00:00:00,236.1603782096801,73.02893509715736,41.723227357263674,350.91254066410113,1.4859077687982691,19.85480607471669
2025-01-09 01:00:00,234.06087241844895,77.71894542801768,44.17652053702314,355.95633838348976,1.5207853183898192,19.597635580577318
2025-01-09 02:00:00,199.9397404633169,67.01537335589587,41.885243253318656,308.84035707253145,1.5446671900086548,18.931863880467223
2025-01-09 03:00:00,220.1979650018545,73.62526574378653,42.42160696555567,336.2448377111967,1.5270115584781396,19.873982100170366
2025-01-09 04:00:00,227.7697117636385,67.55970745185427,33.638786539591315,328.96820575508406,1.4443018046950045,16.098557408186306
2025-01-09 05:00:00,210.01663889203064,63.40935201632733,35.7734732940621,309.1994642024201,1.4722617495149002,15.037807608469553
2025-01-09 06:00:00,248.85767840192565,88.0993201761322,27.495570623137326,364.45256920119516,1.4645020058917941,15.925822423856285
2025-01-09 07:00:00,250.71920912047653,91.97771695142247,37.34513617222124,380.04206224412025,1.5158075186074036,15.573447497591694
2025-01-09 08:00:00,255.30243117474117,81.11312018226336,37.69300414061928,374.1085554976238,1.4653544573634163,13.914385024485117
2025-01-09 09:00:00,298.2034196124588,108.5622088101002,46.496777611646664,453.26240603420564,1.5199772243499403,12.794915080682493
2025-01-09 10:00:00,346.5191644383753,108.6647961480853,40.52949936204938,495.71345994851,1.4305513542142552,12.638293469839708
2025-01-09 11:00:00,351.3182902235086,101.54529773008197,39.454740328091574,492.31832828168217,1.401345566063382,12.789101575194698
2025-01-09 12:00:00,363.09484068671355,126.80957140908487,41.89239270773455,531.796804803533,1.4646223113436616,13.30946601628417
2025-01-09 13:00:00,392.44532682842447,130.96361802026365,40.90929025697003,564.3182351056582,1.437953764582285,16.592047380603447
2025-01-09 14:00:00,399.171532396517,131.0935358964522,39.777607284956446,570.0426755779256,1.4280644517797771,15.432840602621281
2025-01-09 15:00:00,392.7761574790809,134.3774407084378,32.98167766000384,560.1352758475225,1.426092865316946,18.213734868183575
2025-01-09 16:00:00,352.1306297610967,130.78050063908947,39.91225324561632,522.8233836458024,1.4847427047187356,17.014232948169727
2025-01-09 17:00:00,330.4599090978164,134.89810753775245,51.01650123994385,516.3745178755128,1.5625935360366678,20.76705849406844
2025-01-09 18:00:00,332.6322292704281,121.44808894860262,44.73396849705337,498.8142867160841,1.4995969807560376,19.971430657453542
2025-01-09 19:00:00,374.12251474135223,144.62449015531988,36.24220715167647,554.9892120483486,1.4834424290984938,22.884347913332164
2025-01-09 20:00:00,334.68658314016227,141.70569983165743,53.47605166136687,529.8683346331866,1.583177699152896,22.067154824446924
2025-01-09 21:00:00,269.98334589041565,109.27700236127798,37.13501942681165,416.3953676785053,1.5423001974629844,21.858106037587945
2025-01-09 22:00:00,289.48734024821283,103.59592014142126,37.84624071652098,430.9295011061551,1.4885953241916094,20.163522068857073
2025-01-09 23:00:00,227.4775022973357,77.5686353460243,37.66096152857098,342.70709917193096,1.5065538161394911,19.925729278657407
2025-01-10 00:00:00,237.97880637150465,81.58863530140665,44.53808963949114,364.10553131240243,1.5299914175718803,19.401841817799337
2025-01-10 01:00:00,237.07554233134994,80.0607822861495,32.95844555872879,350.0947701762282,1.4767224266724077,18.80820862051767
2025-01-10 02:00:00,208.86301332813593,68.75372458811513,47.71141835812681,325.3281562743779,1.5576149701683584,17.013781326204057
2025-01-10 03:00:00,222.62893321341554,66.09319280989666,45.274354720303606,333.9964807436158,1.5002384277853122,18.027214488169772
2025-01-10 04:00:00,226.89811372155737,91.76225236830894,26.235156419727222,344.89552250959355,1.52004578994799,17.080252811203465
2025-01-10 05:00:00,188.86565118801704,87.51508362097701,35.4073250742354,311.78805988322944,1.6508457621700745,14.733889491723183
2025-01-10 06:00:00,232.38474058411825,79.89899226223135,42.638402741203684,354.92213558755327,1.5273039645177526,16.86158437267806
2025-01-10 07:00:00,261.2486214301513,81.52028955961346,52.55075484603555,395.31966583580027,1.5131933086257257,13.681190743096966
2025-01-10 08:00:00,264.62821943529707,97.44610277837066,43.21950285690415,405.2938250705719,1.5315593549903634,10.992908006025413
2025-01-10 09:00:00,272.30676328523566,70.47084234003117,34.517211363964336,377.29481698923115,1.3855506651299097,12.774169019844507
2025-01-10 10:00:00,346.9946671043956,108.78291871195873,31.783237553630865,487.56082336998514,1.4050960132574581,13.397381953855259
2025-01-10 11:00:00,346.6700668085675,116.15209256741815,30.62043149624339,493.44259087222906,1.4233781284171554,13.140747009805025
2025-01-10 12:00:00,349.97264162098134,128.48477138296292,53.98695095788523,532.4443639618295,1.5213885333884587,14.714319633931904
2025-01-10 13:00:00,358.48049809036127,134.93198007393514,32.63082557718187,526.0433037414783,1.4674251641127767,13.6584384891565
2025-01-10 14:00:00,382.8272474079073,134.05006941399097,45.24060649305552,562.1179233149538,1.4683331113994873,15.836714295140148
2025-01-10 15:00:00,408.3101535501018,150.8431314792334,45.894912917649556,605.0481979469847,1.481834807893755,16.926052656543185
2025-01-10 16:00:00,374.9101042927598,125.21454579326164,48.633168694898224,548.7578187809197,1.4637050655546102,18.64977473968529
2025-01-10 17:00:00,384.04841889164675,128.2710318697074,41.04538059685153,553.3648313582056,1.4408725674622003,18.292611883073757
2025-01-10 18:00:00,366.13551855791525,127.70851025804397,42.78605686374226,536.6300856797016,1.465659731110784,18.81092729176931
2025-01-10 19:00:00,338.15839066488326,133.2124060821789,36.22772240240031,507.5985191494625,1.5010673493904083,20.408795431829343
2025-01-10 20:00:00,320.7508856172179,122.4054521947427,31.364281193251383,474.5206190052119,1.479405483455163,21.379634301239253
2025-01-10 21:00:00,298.47025252501555,123.30607262289998,35.73582534897294,457.51215049688847,1.5328567809569003,20.606864369227242
2025-01-10 22:00:00,256.86344659978863,88.23116246863216,30.242372595327513,375.33698166374836,1.4612315867915213,20.632423569944756
2025-01-10 23:00:00,226.4228088807312,85.12500963936651,43.364514955684115,354.91233347578185,1.5674760649344865,18.602162608748145
2025-01-11 00:00:00,203.86089415033535,93.31592914246569,39.75920724473635,336.93603053753736,1.6527742210777656,22.02861405184204
2025-01-11 01:00:00,205.67726495472732,65.0783548443934,26.242529187182,296.99814898630274,1.4440008673378486,17.25487340774143
2025-01-11 02:00:00,182.74309556170198,88.37338843453384,33.38376001354888,304.50024400978475,1.666274958699998,22.12619885198089
2025-01-11 03:00:00,154.4992333049156,53.545114666094456,39.84489666141637,247.88924463242643,1.6044690923688842,16.643530595583236
2025-01-11 04:00:00,172.98811157483672,54.13027239852679,30.60292009167011,257.7213040650336,1.4898208999382037,18.005461277586864
2025-01-11 05:00:00,170.2583957438362,66.2836430502934,22.490020715588116,259.0320595097177,1.5214054988480377,14.238835031359514
2025-01-11 06:00:00,166.5316724381527,54.69440203594267,33.1194459462725,254.34552042036785,1.5273101908877296,14.879748912445358
2025-01-11 07:00:00,188.63700400110832,73.86732814012622,34.612850089610475,297.11718223084506,1.575073691422174,13.765839666565787
2025-01-11 08:00:00,214.50813687482244,55.68150513275846,34.11314366311814,304.30278567069905,1.4186071918021312,12.583431318187376
2025-01-11 09:00:00,253.65334560919501,88.93732885369118,41.10363592263634,383.69431038552256,1.5126719872904113,11.023937060840291
2025-01-11 10:00:00,242.59291012332613,93.97763616062181,36.952180508847725,373.52272679279565,1.5397099882387708,12.364407504760223
2025-01-11 11:00:00,301.33205080006064,89.06296489641264,39.29002087087036,429.6850365673436,1.4259519869409694,11.266241937389374
2025-01-11 12:00:00,296.73846532671473,121.78249102329956,34.785417394604046,453.3063737446183,1.527629298903057,16.453285124195347
2025-01-11 13:00:00,329.52769053390074,111.70593202226493,42.82445821046099,484.05808076662663,1.4689450831350646,13.451036403583167
2025-01-11 14:00:00,333.24151993475573,133.40668346163798,47.266760644327334,513.914964040721,1.54216966763727,18.71708565144112
2025-01-11 15:00:00,321.48767966055,108.97216342215489,44.37765698192519,474.8375000646301,1.4770006134169682,16.656624043804666
2025-01-11 16:00:00,317.708101026879,120.21921683928639,47.55242025691591,485.4797381230813,1.5280684897676196,15.259784674436407
2025-01-11 17:00:00,313.92503172299195,130.71662705244103,40.237687488407346,484.8793462638403,1.5445705097250697,22.03998723997762
2025-01-11 18:00:00,302.05499319987484,122.18096825249864,38.858044747022255,463.0940061993957,1.533144681018263,21.57381043613183
2025-01-11 19:00:00,294.32147327440055,94.02554124317567,33.15221858927655,421.4992331068528,1.4321049307669182,19.86347152372673
2025-01-11 20:00:00,296.79892595788385,116.38951879990034,45.13988182977393,458.3283265875581,1.5442384944903589,19.972180893803667
2025-01-11 21:00:00,256.17139374193533,79.93497605254552,35.71599697988013,371.822366774361,1.4514593582956081,20.026739540362215
2025-01-11 22:00:00,254.15317384571404,106.39655869122397,42.554037274718766,403.1037698116568,1.5860662438800175,22.514823634209584
2025-01-11 23:00:00,225.12231981650658,82.03685105026217,33.537688472198,340.69685933896676,1.513385521331972,18.297034815072447
2025-01-12 00:00:00,186.31588934856146,65.29801813364918,39.07384459926994,290.6877520814806,1.5601876635312586,18.836126937674493
2025-01-12 01:00:00,190.11910517591275,74.26316697506127,31.711069860920425,296.09334201189444,1.557409718176015,20.457919905848215
2025-01-12 02:00:00,185.32780431024017,65.14453168391464,33.833262081438185,284.30559807559297,1.5340687768558636,20.97421625487443
2025-01-12 03:00:00,186.97707377646404,77.73675287572198,32.675969075580284,297.3897957277663,1.590514760559915,15.849987577069637
2025-01-12 04:00:00,166.8988059984287,57.391190118087216,29.294850766609336,253.58484688312527,1.5193928163003914,15.00573721872899
2025-01-12 05:00:00,200.58233027789555,82.38799349313588,32.90090241552955,315.871226186561,1.5747709469171045,13.630496079673096
2025-01-12 06:00:00,182.1219024866692,84.74797126629342,31.75111478624853,298.62098853921117,1.6396764170694371,15.465598575131859
2025-01-12 07:00:00,204.90245080932365,81.71559485985178,43.32060795725256,329.938653626428,1.6102230711406154,12.097112864306101
2025-01-12 08:00:00,237.54983564461304,96.91894960192649,34.84951209115623,369.31829733769575,1.5546981808491553,12.586858029935115
2025-01-12 09:00:00,247.87004579656121,78.21174250715964,35.356005021695964,361.4377933254168,1.458174553378935,13.564531999952829
2025-01-12 10:00:00,248.55094783212397,76.08656291379197,36.57853370515893,361.2160444510749,1.4532877367864518,13.996300406605682
2025-01-12 11:00:00,258.73492389485534,98.158704085814,40.921083427517644,397.814711408187,1.5375377448846097,14.638229059895387
2025-01-12 12:00:00,287.7143923017838,89.72129606959412,32.458068659548786,409.89375703092674,1.4246550329014787,12.739649784414903
2025-01-12 13:00:00,296.178141424683,116.24726499253137,42.16294220847457,454.588348625689,1.5348477319731209,15.04841097112635
2025-01-12 14:00:00,354.450431677815,121.87866182549857,40.34254407656258,516.6716375798761,1.4576696525214432,16.38000488360094
2025-01-12 15:00:00,299.802829630735,125.06181998243231,50.86515826729579,475.7298078804631,1.5868089319450924,18.1511029738277
2025-01-12 16:00:00,290.53137794561314,111.95078954919376,37.74851840550288,440.23068590030977,1.5152603791481691,20.206163085645052
2025-01-12 17:00:00,348.1794534577839,132.8355291265934,39.76139719961561,520.776379783993,1.4957125545810994,20.344396292187103
2025-01-12 18:00:00,266.88982677797054,117.72822274000407,29.43716298439889,414.0552125023735,1.5514087498240685,18.53211469385516
2025-01-12 19:00:00,270.98464262379593,114.71658052412533,42.541446067594244,428.2426692155155,1.580320807367813,20.690407119546194
2025-01-12 20:00:00,272.74337036360333,107.34915090125854,33.92691487465824,414.0194361395201,1.5179816674831617,19.00925450207827
2025-01-12 21:00:00,244.98570908128096,113.70193387042842,30.64721956601299,389.3348625177224,1.5892145871600596,23.11665675654158
2025-01-12 22:00:00,231.20423787708086,83.18350251420166,26.451877745387236,340.83961813666974,1.4741927797961742,20.455179524870204
2025-01-12 23:00:00,235.58371601309432,76.71479989990408,30.297183275588985,342.59569918858733,1.454241850780319,20.131399115100873
2025-01-13 00:00:00,277.0662671296652,122.26090883270409,39.595446376798286,438.9226223391676,1.5841792177961336,20.072534329835907
2025-01-13 01:00:00,224.71698161357045,73.03595447474811,31.94868867497553,329.7016247632941,1.4671860684309925,17.89729030098335
2025-01-13 02:00:00,218.30270838129147,79.34609007923417,42.5711875763767,340.21998603690236,1.5584780810079002,18.90148466527876
2025-01-13 03:00:00,203.1145230765347,59.27155829063675,43.23384275704141,305.6199241242129,1.5046680045082428,17.902432779987837
2025-01-13 04:00:00,202.01728411191368,78.51840234781912,31.34343258056736,311.87911904030017,1.5438239376959704,16.080965723178572
2025-01-13 05:00:00,212.63079656102667,56.66191922919058,32.280640729330756,301.573356519548,1.4182957567625634,14.799834531284569
2025-01-13 06:00:00,238.61184601653693,83.64784177838499,42.34788661733023,364.6075744122521,1.52803635066376,8.674700367587674
2025-01-13 07:00:00,244.4660780716062,93.65683322955752,51.12004801933971,389.2429593205035,1.5922166477693926,12.59818527244083
2025-01-13 08:00:00,280.04780009739324,108.33519089940643,43.866950547047445,432.2499415438471,1.5434862955306987,13.676886653457666
2025-01-13 09:00:00,289.5847334834001,111.94602733490052,46.4096427449831,447.9404035632837,1.5468370800319178,13.152920785241808
2025-01-13 10:00:00,301.6090150681114,102.78235003412944,26.43839284638817,430.829757948629,1.4284379326371797,7.237259714528241
2025-01-13 11:00:00,336.5191600871135,122.94430310389511,32.65312615136855,492.11658934237715,1.4623731653644467,14.244630329107594
2025-01-13 12:00:00,356.4945541326702,117.32214131661684,40.88026916960417,514.6969646188912,1.4437723063431305,15.340988644186815
2025-01-13 13:00:00,366.1778351055985,135.92455285709792,38.32742517508051,540.4298131377769,1.475867082402537,13.529062534363032
2025-01-13 14:00:00,376.4816517991437,145.80280972217832,40.567070292878036,562.8515318142001,1.4950304460374775,14.09345901340282
2025-01-13 15:00:00,396.800316935795,138.98294519085786,46.508359851024515,582.2916219776773,1.4674676332778636,16.708688860112737
2025-01-13 16:00:00,360.6362792454602,138.73567830896025,39.55838847213837,538.9303460265588,1.4943874952185445,15.94640204112546
2025-01-13 17:00:00,391.5288993580215,141.44386888363178,46.796569797845734,579.769338039499,1.4807829996460793,16.85471414054888
2025-01-13 18:00:00,349.86524239141943,120.8065047184635,49.56599092470199,520.2377380345849,1.4869660514963574,17.191495718668303
2025-01-13 19:00:00,339.66697198427653,135.4632993802677,42.14938010570538,517.2796514702496,1.5229024136447242,21.962737408771858
2025-01-13 20:00:00,342.7936268974318,127.4270704535196,37.69184198911266,507.9125393400641,1.4816860626526116,20.43121578061847
2025-01-13 21:00:00,313.83180774662674,113.47521171661408,33.264045597255105,460.5710650604959,1.467572928211087,19.452603965493957
2025-01-13 22:00:00,240.89763004841564,84.57460366023916,34.874901483949124,360.34713519260396,1.495851723905218,18.506083979935287
2025-01-13 23:00:00,258.2752209423994,124.67230064432252,40.59308055839187,423.5406021451138,1.6398809014650766,20.889545802617103
2025-01-14 00:00:00,257.7376482236112,87.00038031829277,37.306588708759534,382.0446172506635,1.4823003929918868,18.429288176609468
2025-01-14 01:00:00,202.00387886613743,71.39284049187427,44.446976558786616,317.8436959167983,1.5734534292157074,17.78138473895076
2025-01-14 02:00:00,201.96190087741843,83.09483454425124,21.96277487098207,307.0195102926517,1.52018528721909,17.10413874393902
2025-01-14 03:00:00,231.3634057261133,74.71600904584218,31.182975664890673,337.26239043684615,1.4577170896079195,15.698945345457272
2025-01-14 04:00:00,187.17027913445355,64.29673850657554,42.38443185222079,293.8514494932499,1.5699685380185924,15.884392412583356
2025-01-14 05:00:00,250.8912801534183,95.52883939300882,30.96311783195469,377.38323737838186,1.504170400611829,16.00968800356812
2025-01-14 06:00:00,209.54704073312138,69.32283283664661,28.017922935098635,306.8877965048666,1.4645293745556551,11.401422443435752
2025-01-14 07:00:00,239.24705467922195,83.81333207170245,34.534643223265576,357.59502997418997,1.494668473363849,11.309519945904222
2025-01-14 08:00:00,263.98466860918705,86.54503021712016,38.827672752806144,389.35737157911336,1.4749241826446096,13.130506649783872
2025-01-14 09:00:00,289.3259076154262,96.1555136900551,38.33750488621243,423.8189261916938,1.464849552135637,10.924037715790064
2025-01-14 10:00:00,334.28904919511217,109.22788200156583,38.85841072065159,482.3753419173296,1.442988764001614,12.395105364764648
2025-01-14 11:00:00,349.7303460002302,104.61514338949151,31.25017103315634,485.59566042287804,1.3884859177263342,15.191458158243503
2025-01-14 12:00:00,363.99254358949344,134.44328058759834,52.70750940121276,551.1433335783046,1.5141610543535684,14.370572330064574
2025-01-14 13:00:00,379.07628278849546,130.94225260237843,51.98747730670064,562.0060126975745,1.482567066880162,16.140219361127343
2025-01-14 14:00:00,355.024975448207,118.77113095256634,35.09731916008925,508.89342556086257,1.433401762561639,17.237213974398085
2025-01-14 15:00:00,375.73279172937555,119.92847639694463,46.35499471916729,542.0162628454875,1.4425577824888889,18.202031499964185
2025-01-14 16:00:00,403.5764331109719,134.2762175238726,43.31260147867528,581.1652521135198,1.4400376345903134,17.935765218034778
2025-01-14 17:00:00,353.54028997833547,127.7259856564648,38.778500806908276,520.0447764417086,1.4709632570408773,20.89853212962276
2025-01-14 18:00:00,386.01382366238954,112.09532158616388,48.68222291765267,546.7913681662061,1.4165072198150959,18.384670453735676
2025-01-14 19:00:00,338.9370746817833,128.79589637188394,35.984479325956585,503.71745037962387,1.4861680471295369,19.022088926592815
2025-01-14 20:00:00,301.87415821398076,113.30747212374413,37.649074744162355,452.83070508188723,1.5000644896569857,21.345113964601182
2025-01-14 21:00:00,311.23050289741406,101.35302732339994,47.048022170412345,459.63155239122636,1.476820389107964,19.181999534843044
2025-01-14 22:00:00,287.3781886915615,104.11377197280771,43.282902922177534,434.77486358654676,1.5129013985580646,20.569030015718873
2025-01-14 23:00:00,240.09717286020287,84.68929754786322,34.00497418569723,358.7914445937633,1.4943593059409759,19.188732406244668
2025-01-15 00:00:00,223.16544872622347,90.65031534915128,41.06536395250093,354.8811280278757,1.5902153763203701,20.87428732924004
2025-01-15 01:00:00,203.69051664952428,71.09866222926595,51.15990771973968,325.94908659852996,1.6002172902303904,19.30376325187823
2025-01-15 02:00:00,198.90723158439974,82.39123412900119,33.172931994385245,314.47139770778614,1.5809952971687233,19.16915509880688
2025-01-15 03:00:00,165.4213696906427,50.38909770402355,33.130427084693636,248.94089447935988,1.5048895734868382,15.607549773665705
2025-01-15 04:00:00,197.86345086402457,75.38329782485499,40.49088172791283,313.7376304167924,1.5856270020904402,12.542195712626182
2025-01-15 05:00:00,242.1234167786961,79.08642772819161,37.502337766902755,358.7121822737905,1.4815261862988578,16.282069253167183
2025-01-15 06:00:00,224.3417064300059,74.452036748988,40.4252031321978,339.2189463111917,1.5120636804865673,16.13339985069708
2025-01-15 07:00:00,259.1765981356681,96.96062860002253,30.89894801328196,387.03617474897254,1.4933299438801004,11.619909199919404
2025-01-15 08:00:00,288.8805416346042,104.30264232369882,42.454484031167155,435.6376679894702,1.5080201162890867,10.779631229839179
2025-01-15 09:00:00,300.2542697411367,102.72784585666979,37.66678268650696,440.6488982843134,1.467585785421861,9.513244170405784
2025-01-15 10:00:00,311.8580396412111,113.68089207155568,35.140670660881135,460.6796023736479,1.477209319033924,14.357469289877287
2025-01-15 11:00:00,332.51998801724375,111.63440628604141,47.636346540861666,491.7907408441468,1.4789809893131707,10.905890018131048
2025-01-15 12:00:00,351.05941052285795,112.59141153361317,38.29546098082018,501.94628303729127,1.4298043806594065,13.895691532504234
2025-01-15 13:00:00,381.1574305169826,143.1976374029238,54.09098051639683,578.4460484363032,1.517604019031528,14.716913074060528
2025-01-15 14:00:00,377.5508926929545,131.6288763531613,45.09005288972322,554.269821935839,1.4680665114639317,14.362891629830713
2025-01-15 15:00:00,401.03117744580726,119.13647388838046,38.61130632521703,558.7789576594047,1.3933554024859187,15.957204829650406
2025-01-15 16:00:00,416.5843681723085,146.4591579924416,41.7831681717243,604.8266943364745,1.4518708346884126,16.570025886953356
2025-01-15 17:00:00,384.78859902972863,136.0546416724618,39.70029726758805,560.5435379697785,1.4567571372520607,19.55253611026791
2025-01-15 18:00:00,335.6358882440475,135.9690801400215,40.20739950729097,511.81236789136,1.524903580987773,21.34754248555369
2025-01-15 19:00:00,348.91007600926997,134.33294098728493,44.538043487572565,527.7810604841275,1.512656402820838,21.873781677686054
2025-01-15 20:00:00,317.51255256922053,122.98064402417438,41.826564997710776,482.3197615911057,1.5190573024225735,17.830793081366547
2025-01-15 21:00:00,290.4834899238022,110.09848285254625,44.56788960147021,445.1498623778187,1.5324446235983586,18.265650740616756
2025-01-15 22:00:00,261.21944556389695,76.18978472110649,33.242336865730934,370.65156715073437,1.4189279299272886,19.334853516131172
2025-01-15 23:00:00,248.03342301130021,113.29541327321624,42.0925005951679,403.42133687968436,1.6264797380202458,20.35626433294388
2025-01-16 00:00:00,292.1941242265772,113.38367151730431,40.94488057734575,446.52267632122727,1.5281713056453474,20.09468251642048
2025-01-16 01:00:00,276.2836971490773,101.50562835763054,45.93437281284647,423.7236983195543,1.5336543657547816,14.755777269057269
2025-01-16 02:00:00,242.70011485589413,100.96073434550254,41.61215342757242,385.2730026289691,1.587444665437135,17.313648739044254
2025-01-16 03:00:00,191.63911074196645,60.964976124783796,47.40094132455679,300.005028191307,1.5654686928455355,17.458705103354006
2025-01-16 04:00:00,214.1659140208254,74.52400310131934,34.179151694470846,322.8690688166156,1.5075651524323332,15.103128965417099
2025-01-16 05:00:00,239.6352677734707,73.3930598569221,46.957682062864706,359.98600969325753,1.5022246643326116,13.914042327656356
2025-01-16 06:00:00,228.47417196499555,92.91327402592854,35.753566508740896,357.141012499665,1.5631570493420257,10.362456838347278
2025-01-16 07:00:00,264.3555679500177,101.88210886378134,45.66273073561153,411.9004075494106,1.558130251401739,14.982575400532669
2025-01-16 08:00:00,294.98428911607647,114.52522900660708,43.975022372945155,453.48454049562866,1.5373176037764582,13.045177137025414
2025-01-16 09:00:00,326.33073264400787,96.44025871390922,32.294134680966934,455.065126038884,1.3944905597822184,11.516534428623917
2025-01-16 10:00:00,329.59132784095596,94.37415433870306,52.78573415423969,476.7512163338987,1.446491991937223,11.458975128820695
2025-01-16 11:00:00,349.3034980090453,126.18640323293315,48.22355010258006,523.7134513445585,1.499307777705097,13.971700987776728
2025-01-16 12:00:00,357.5276486222763,145.69086083770185,37.01813418399597,540.236643643974,1.5110345891450976,15.280436142936672
2025-01-16 13:00:00,370.0295031531473,136.63666799038378,37.16441634530377,543.8305874888348,1.4696952076920065,13.79422751670791
2025-01-16 14:00:00,387.5131818361683,135.76778025549223,29.72440395877247,553.0053660504329,1.4270620767791866,12.958419671314306
2025-01-16 15:00:00,385.93240193595113,135.53925407527993,53.11261201933886,574.5842680305699,1.4888210089339096,16.94265085229034
2025-01-16 16:00:00,399.0884054721244,125.45558330018899,40.96547170238451,565.5094604746979,1.4170029815967622,16.030584846529408
2025-01-16 17:00:00,381.7121279065464,145.4033381763983,44.91880856862959,572.0342746515744,1.4986012568917486,17.91107908811498
2025-01-16 18:00:00,357.5726154653284,124.14230243144969,33.644631982070756,515.3595498788488,1.4412724229683636,18.50516124664645
2025-01-16 19:00:00,369.6750718099505,124.92103181541563,45.67664089438779,540.2727445197539,1.4614800556460228,17.836304477546108
2025-01-16 20:00:00,315.3017828138665,122.07288883790011,47.62587521697657,485.0005468687432,1.5382106074390822,22.044171373618443
2025-01-16 21:00:00,308.83684406208636,101.5447668908922,47.76196282216208,458.1435737751407,1.4834485670467439,18.174947929131967
2025-01-16 22:00:00,283.6906207032898,98.81015582839035,41.07823859662758,423.57901512830773,1.4931019364624192,22.237598631554793
2025-01-16 23:00:00,242.3449518565019,79.81811574686694,34.67074633617506,356.8338139395439,1.4724210725496505,18.239859418045818
2025-01-17 00:00:00,234.10298570593216,85.69823842943453,38.076912047378734,357.87813618274544,1.5287209392207117,18.462246762205226
2025-01-17 01:00:00,224.29976872880576,72.06629279187278,32.50943802509946,328.87549954577804,1.4662320046500437,17.999053093243347
2025-01-17 02:00:00,200.75804596532888,64.87732400219201,25.80256956714998,291.4379395346709,1.4516874685311616,17.71098886176114
2025-01-17 03:00:00,184.13643583616906,76.27231654554635,23.805602764863977,284.2143551465794,1.5434987315571387,14.431116968402712
2025-01-17 04:00:00,258.36127744168965,100.58585694383088,40.11883861199152,399.06597299751206,1.5446044273704231,17.8996194253998
2025-01-17 05:00:00,208.2675838322883,72.70925767456022,45.275633200164336,326.2524747070129,1.566506264218892,13.798690380945237
2025-01-17 06:00:00,228.30959617023507,81.95647555743409,38.54884704587428,348.81491877354347,1.5278154077827535,15.881061471070382
2025-01-17 07:00:00,248.05709495749997,113.66455611312755,40.96579217641447,402.687443247042,1.6233659565997702,14.026628810789298
2025-01-17 08:00:00,274.1768025502348,72.18851829865193,39.899552225198434,386.2648730740852,1.408816754303324,12.24255947648148
2025-01-17 09:00:00,313.21007999188583,140.5984972892335,33.35923659362976,487.16781387474913,1.555402731251082,10.967131546155146
2025-01-17 10:00:00,335.47294981573106,125.09202447098978,49.875831623348446,510.4408059100693,1.5215557802512685,13.017760500148437
2025-01-17 11:00:00,332.1076937935585,112.4554767721605,36.17110302684417,480.73427359256317,1.4475252533336143,13.394235233703192
2025-01-17 12:00:00,367.7558728115346,122.57464571628954,52.137556358469865,542.468074886294,1.475076579305356,12.11061725061691
2025-01-17 13:00:00,387.7475915426406,125.90620831227909,39.91057070057136,553.5643705554911,1.4276410289310995,13.98780068050667
2025-01-17 14:00:00,381.2960981869617,125.54648137113192,32.684688579848626,539.5272681379422,1.414982400038604,16.235300880097437
2025-01-17 15:00:00,407.8999139554529,140.1222709172108,46.514377741123944,594.5365626137876,1.4575550086502775,17.909647582643032
2025-01-17 16:00:00,389.51209230222895,149.92347875919353,37.78476174847625,577.2203328098988,1.4819060671472655,17.063586605790796
2025-01-17 17:00:00,392.3973359649785,145.70868889940348,54.33553666007104,592.441561524453,1.5098001622960269,17.928836540808465
2025-01-17 18:00:00,343.2115885481715,120.10018700136924,41.208514832382846,504.5202903819236,1.4699978299570486,17.727761536752826
2025-01-17 19:00:00,375.12449039948103,146.27703001339205,39.68919224629091,561.090712659164,1.4957453512609695,17.658907813781823
2025-01-17 20:00:00,318.8022467046574,116.04697134110937,44.180565570682575,479.0297836164494,1.5025922450923905,21.50854615744192
2025-01-17 21:00:00,280.6904400157203,114.88869182938124,47.0313357822856,442.61046762738715,1.576863350253747,20.510626108541167
2025-01-17 22:00:00,259.5857494764261,94.6223146643329,33.26231320073486,387.4703773414939,1.4926488766159387,19.57826261860957
2025-01-17 23:00:00,240.10635905974127,107.20105592586032,41.28540158110591,388.5928165667075,1.6184195124545662,21.5525487510432
2025-01-18 00:00:00,198.7225342621236,64.59973398458301,32.31905261661789,295.6413208633245,1.4877090912767892,20.207597872041653
2025-01-18 01:00:00,140.8340509306746,42.02424451732994,34.95710820262409,217.81540365062864,1.5466103702282057,15.299491826560196
2025-01-18 02:00:00,156.76644859895666,70.55077635019285,31.289757977512362,258.6069829266619,1.6496322091740172,13.320877308029717
2025-01-18 03:00:00,191.40253391454877,64.50306048412175,30.957732022664864,286.8633264213354,1.4987436192950552,16.081432157720947
2025-01-18 04:00:00,196.67046196919816,75.91305290559617,35.4361733609844,308.01968823577874,1.5661715803770253,14.001280459397481
2025-01-18 05:00:00,162.7599998870145,60.54656777036348,36.68833775800683,259.9949054153848,1.5974127893577617,15.393381896313945
2025-01-18 06:00:00,196.60922431643877,75.86971141676266,31.254788764307403,303.73372449750883,1.5448599909465857,11.166480202183948
2025-01-18 07:00:00,213.52226397133325,56.425734141971034,34.73835235420796,304.6863504675122,1.4269535401161648,13.465056094268975
2025-01-18 08:00:00,223.3060098591506,63.436095793543416,32.07514501213465,318.8172506648287,1.4277146005426429,12.94841088111988
2025-01-18 09:00:00,236.54986953211915,59.549907294960875,31.481276215417317,327.58105304249733,1.3848287200091556,10.12380104428717
2025-01-18 10:00:00,280.6086263341409,96.95158682875028,24.883761849967556,402.4439750128588,1.4341824778174843,15.427627052541558
2025-01-18 11:00:00,279.1142792447342,74.01408898979909,31.647044329873815,384.7754125644071,1.3785586807152443,11.23681431033392
2025-01-18 12:00:00,302.9442643785439,112.31290968305115,47.483015634770645,462.7401896963657,1.527476318608062,13.24563440346464
2025-01-18 13:00:00,325.27112811368136,100.19648360589994,45.161068076430325,470.6286797960116,1.446881198848759,13.176355770246206
2025-01-18 14:00:00,301.56488192971784,93.32915977874643,51.4666838356918,446.3607255441561,1.4801482277640805,14.205388309105802
2025-01-18 15:00:00,304.74349395163375,109.64150945255459,35.231086904288766,449.6160903084771,1.475391925446114,14.423395861973766
2025-01-18 16:00:00,358.7946599877928,141.75708104134424,45.6969008917799,546.248641920917,1.5224547710367313,15.773894120735385
2025-01-18 17:00:00,293.2682027348971,107.29592991643605,38.532398056471834,439.09653070780496,1.4972524351872232,18.570675245655725
2025-01-18 18:00:00,319.86724308980337,106.15572304408556,44.46162199537316,470.4845881292621,1.4708745527818008,16.081944264656123
2025-01-18 19:00:00,305.6935454479485,124.89075356203799,37.28418569208908,467.86848470207553,1.5305147644399353,19.12793025952269
2025-01-18 20:00:00,268.46250806646174,95.6078510665016,46.669474193051215,410.73983332601455,1.5299709307056388,19.761295925596087
2025-01-18 21:00:00,241.95374638395856,84.48782228098939,45.768219034409334,372.2097876993573,1.5383509999828409,19.99537236223515
2025-01-18 22:00:00,226.98091601874734,73.62492209991706,22.036183440793994,322.6420215594584,1.4214499933237117,19.768104606646375
2025-01-18 23:00:00,197.32449659709084,76.48169021743013,47.54677455318249,321.3529613677035,1.6285507725067785,22.46426697725751
2025-01-19 00:00:00,195.74276101542523,76.91055609018822,46.995343556631376,319.6486606622448,1.6330037392139134,18.619243448274545
2025-01-19 01:00:00,179.74852569001771,51.482549197774716,26.595825281988738,257.8269001697812,1.4343756043619085,17.5700417631147
2025-01-19 02:00:00,166.7292867152436,59.58338074508305,36.28349073631347,262.5961581966401,1.574985195283221,15.642034201883877
2025-01-19 03:00:00,167.2166240695358,45.94027682025253,28.269288860605343,241.4261897503937,1.4437929906418776,17.904071568321356
2025-01-19 04:00:00,191.2143070077194,71.04549633916925,34.9139094370742,297.17371278396286,1.5541395277078602,16.782807183623973
2025-01-19 05:00:00,183.8008279357688,46.272443164118975,39.96035864092361,270.0336297408114,1.4691643817577231,12.232042061043991
2025-01-19 06:00:00,191.46152282897543,67.54022104067249,36.5745337452518,295.57627761489977,1.543789442638695,11.28796139850295
2025-01-19 07:00:00,244.8570628791873,92.51277303947595,35.66502646460723,373.03486238327054,1.5234800989478758,10.660324445153439
2025-01-19 08:00:00,227.99843510756457,61.60336848783314,37.645543865359905,327.2473474607576,1.4353052349081679,13.438356040694512
2025-01-19 09:00:00,258.56066906445886,84.20308654306162,49.438604834582925,392.2023604421034,1.516867827814631,12.11492318344574
2025-01-19 10:00:00,250.89006578826303,77.9299901680266,31.54924465771618,360.36930061400585,1.436363370872313,13.055084424533655
2025-01-19 11:00:00,265.5394724124189,90.94848553278082,32.08143918421479,388.5693971294145,1.4633206641531373,10.752748810170749
2025-01-19 12:00:00,308.21704612394126,115.80522503813397,44.19354773891665,468.2158189009919,1.5191107201537173,12.837954779365303
2025-01-19 13:00:00,328.55614849352156,108.1229942752911,44.35763063951085,481.0367734083235,1.4640930495866478,13.76462502486194
2025-01-19 14:00:00,265.2196209222053,78.04587696519428,39.861245217501555,383.12674310490115,1.444564100396179,16.450965841863184
2025-01-19 15:00:00,333.2474845247527,145.32559259090584,48.421875765049734,526.9949528807083,1.5813921405356162,14.454177107333566
2025-01-19 16:00:00,332.50238438789563,113.2007037632161,40.7129580536061,486.4160462047178,1.4628949115663101,12.558709245172324
2025-01-19 17:00:00,311.6309455162125,107.08304152666817,32.612280637366986,451.32626768024767,1.4482716629204837,17.30426773254578
2025-01-19 18:00:00,310.7935548575936,118.12323045873872,31.549442020739914,460.4662273370722,1.4815822919753243,20.31444057536623
2025-01-19 19:00:00,265.12873103866184,116.42076654560525,41.81558846042695,423.36508604469407,1.5968283949692264,22.06347026387648
2025-01-19 20:00:00,273.01510216436435,87.06911723484144,39.633567339120376,399.71778673832614,1.464086724761777,16.24441872743865
2025-01-19 21:00:00,227.00522972110426,89.8546411669962,31.82114382853478,348.6810147166352,1.5360043252969118,20.577760950978142
2025-01-19 22:00:00,223.33941251567944,87.5654099735088,36.4368843630415,347.3417068522297,1.5552190405616149,20.92330988330756
2025-01-19 23:00:00,202.94089338734923,83.39918147886095,39.098268544719595,325.4383434109298,1.6036114652839935,19.565028854961717
2025-01-20 00:00:00,239.64784041106776,75.43506272594423,40.99623836000685,356.07914149701884,1.4858433144493877,17.73761739979363
2025-01-20 01:00:00,198.43906798057714,63.271486610632664,28.630349584741026,290.34090417595087,1.463123704070052,18.375820209638594
2025-01-20 02:00:00,218.23042647932806,64.22810195732933,30.296704075628064,312.75523251228543,1.4331421954211836,16.58985164006188
2025-01-20 03:00:00,216.7757446047792,83.4261639423849,36.68563003792438,336.88753858508846,1.5540831802898174,18.084565985011572
2025-01-20 04:00:00,233.81667406554203,80.23813699464921,38.07220186670278,352.127012926894,1.5059961584612565,13.611230480071917
2025-01-20 05:00:00,211.83772200419997,88.846754136622,43.925811060815356,344.61028720163733,1.6267654501817432,16.55652565506354
2025-01-20 06:00:00,245.3330821153967,75.31994585011724,37.33768924853327,357.9907172140472,1.4592027871954913,12.787651421159536
2025-01-20 07:00:00,243.27334817163032,104.57570932941196,34.416822450772244,382.26587995181455,1.571343029661122,11.271084521492176
2025-01-20 08:00:00,285.80280681732665,89.45746971147761,39.79402887259336,415.05430540139764,1.4522401302611532,13.44624611969327
2025-01-20 09:00:00,288.45011693738644,101.32866760930739,37.299128856573226,427.0779134032671,1.4805953900721505,11.68985022206829
2025-01-20 10:00:00,304.04243784267476,118.06772229276217,46.47131601665941,468.5814761520963,1.5411712900241954,13.164122518475576
2025-01-20 11:00:00,334.29118759342225,109.91341843999909,38.97653114759235,483.1811371810137,1.4453899926571714,13.076859393257562
2025-01-20 12:00:00,391.37983739360635,143.5161957611834,48.26692691377192,583.1629600685617,1.4900178914482025,12.123782389703836
2025-01-20 13:00:00,403.9011856575853,155.75464595833958,49.69809409297779,609.3539257089027,1.5086708020349655,13.267327331169325
2025-01-20 14:00:00,388.34498585816607,110.03518766286216,36.76245226319853,535.1426257842268,1.3780083309217106,17.783063111098336
2025-01-20 15:00:00,392.112652835706,123.01551863058432,48.81351842947013,563.9416898957604,1.4382134466139,13.90798717818617
2025-01-20 16:00:00,393.79800162961374,136.606518738453,44.555550770097305,574.960071138164,1.4600380620492384,17.358373425596803
2025-01-20 17:00:00,351.50406406804495,124.5500396814022,41.17401730882878,517.228121058276,1.4714712401110384,19.563244175140078
2025-01-20 18:00:00,399.1686308426734,147.6045271608745,55.065628878652234,601.8387868822001,1.507730669145207,19.576650040891153
2025-01-20 19:00:00,328.396982890438,131.13179764427628,39.328663448101295,498.85744398281554,1.519068292260309,21.135580911343595
2025-01-20 20:00:00,301.9056627097781,86.68629970892495,40.784469609577634,429.37643202828065,1.4222205313221972,18.178617814360983
2025-01-20 21:00:00,296.95826127993064,120.85570793428285,30.887826954602986,448.7017961688165,1.5109928049647465,20.94569039992704
2025-01-20 22:00:00,259.60646445737893,105.65576656430522,43.46307173909575,408.7253027607799,1.5744034094647235,21.304987727622382
2025-01-20 23:00:00,260.7740641787997,82.56986027907637,37.309832455797626,380.65375691367365,1.4597071150936178,16.50290161634127
2025-01-21 00:00:00,248.0116105507944,95.07381321899689,34.58394764683238,377.6693714166237,1.5227890765995995,19.077514376517676
2025-01-21 01:00:00,216.2886451023634,83.88537501521832,41.56917936519964,341.7431994827814,1.5800330124637094,16.795575912289987
2025-01-21 02:00:00,216.12020386508468,69.96893222853352,47.304677825919825,333.39381391953805,1.5426314058433086,15.529680733921184
2025-01-21 03:00:00,199.31703132403575,62.8368897443589,36.33847100033212,298.49239206872676,1.4975759476542605,16.782038775048363
2025-01-21 04:00:00,183.03581361575405,66.88683332337408,49.13018377524572,299.05283071437384,1.6338487250488234,15.019027571372025
2025-01-21 05:00:00,199.79245173648383,72.4131904757292,39.617087094048834,311.82272930626186,1.5607332839457835,15.619107484939299
2025-01-21 06:00:00,271.8532808300875,112.25359698168232,37.168056133062024,421.27493394483184,1.5496407939550862,13.34586889412083
2025-01-21 07:00:00,253.09022657544992,78.5530322265351,45.19923986029845,376.84249866228345,1.4889650373359682,9.18977823894327
2025-01-21 08:00:00,244.0580311054907,74.32577838299319,35.735296233760664,354.11910572224457,1.4509627243906655,10.680597975668041
2025-01-21 09:00:00,279.96552696442876,91.59930191485508,48.141926515111415,419.70675539439526,1.499137268595649,12.063460371029398
2025-01-21 10:00:00,308.04456000042944,122.09383338807018,42.884907048296434,473.02330043679603,1.5355677777141612,12.828122226047883
2025-01-21 11:00:00,358.26296147921164,133.06771269415674,39.47681430438184,530.8074884777502,1.4816141927876922,11.069289015056427
2025-01-21 12:00:00,365.6753550081433,147.89738096209572,41.23847587670694,554.811211846946,1.5172234175710058,13.526778103572495
2025-01-21 13:00:00,403.6134707832624,128.2722203918338,43.624355205195705,575.5100463802919,1.4258940497289219,12.39345552959331
2025-01-21 14:00:00,420.8177959522658,139.40844992456874,50.06056182608155,610.2868077029161,1.4502400173497942,16.41031643362902
2025-01-21 15:00:00,400.9371758932011,139.01138566563247,40.577869599686196,580.5264311585197,1.4479236799761277,15.88956508917458
2025-01-21 16:00:00,396.7173382382036,149.5263190728294,48.70116411975812,594.9448214307911,1.49966932141888,17.147386234620356
2025-01-21 17:00:00,400.1285388691937,128.96598137643085,46.26164949279871,575.3561697384232,1.437928350135788,13.238152499017751
2025-01-21 18:00:00,356.50738132597724,127.047714998937,41.81092454905365,525.366020873968,1.4736469660738738,18.378757670028108
2025-01-21 19:00:00,340.3695245842669,123.0119794232322,48.76623765162695,512.147741659126,1.5046815436389962,19.19785036769734
2025-01-21 20:00:00,293.8227331645597,100.92627071747005,38.92722085016336,433.6762247321931,1.4759791390590136,18.07967366534636
2025-01-21 21:00:00,314.09044321438125,109.80385369193736,45.138956868236974,469.0332537745556,1.4933063514269955,18.517327840140346
2025-01-21 22:00:00,261.3161002666548,105.22549964376425,37.132491754332136,403.6740916647512,1.5447731358796108,20.422961708899027
2025-01-21 23:00:00,260.14939312777443,99.8302619544389,40.852386264881396,400.8320413470947,1.5407763843993396,17.85749363207027
2025-01-22 00:00:00,279.52592418189,92.17271384517588,32.572089898645615,404.27072792571147,1.4462727530869335,18.37932452113334
2025-01-22 01:00:00,198.23792806368468,78.65671338928976,33.89991581674231,310.79455726971673,1.5677855408671988,13.985065530387628
2025-01-22 02:00:00,204.34058666705428,79.03132088983965,37.02370627565587,320.39561383254977,1.5679489770409227,17.248490876152083
2025-01-22 03:00:00,191.7699789948787,70.71646220192906,35.243437533201394,297.72987873000915,1.5525364308349856,12.149001358692445
2025-01-22 04:00:00,192.63582942986454,58.00088560905144,26.76641695725196,277.40313199616793,1.4400391288431924,11.0921791757759
2025-01-22 05:00:00,234.69604806800356,90.06754254392283,32.97849356855115,357.7420841804775,1.524278261715004,13.225619187239204
2025-01-22 06:00:00,207.3221576940405,65.0956781744751,36.267325181479436,308.68516104999503,1.4889154371311477,11.094624104903891
2025-01-22 07:00:00,260.00273146026313,86.1820502419603,34.34801469916326,380.5327964013867,1.4635723027376906,9.652490574386114
2025-01-22 08:00:00,277.88075722396746,110.11619212387711,40.65541791032331,428.6523672581679,1.5425766488489914,11.880524262212614
2025-01-22 09:00:00,318.5353760220511,122.45894297952741,29.121445843422862,470.11576484500137,1.4758667332838313,10.653169267184918
2025-01-22 10:00:00,291.06022182691083,108.97091903848232,37.69698152826919,437.7281223936623,1.5039091210958146,13.54139242359346
2025-01-22 11:00:00,322.10092640270284,116.98358492330814,45.580756834964475,484.6652681609755,1.5047000130481727,11.872707710402258
2025-01-22 12:00:00,380.76495798945234,145.7308469171885,43.94919163404963,570.4449965406905,1.4981551862146214,14.228804163262351
2025-01-22 13:00:00,344.5338860589339,124.31677141463251,47.20216134184765,516.0528188154141,1.4978289210343194,11.77310626669107
2025-01-22 14:00:00,389.30398526964234,144.98508302340957,36.46763999670768,570.7567082897597,1.466095210647377,14.54829431919397
2025-01-22 15:00:00,409.3875630393414,136.2027492028702,42.0343582256862,587.6246704678978,1.4353749930879756,19.846018213991165
2025-01-22 16:00:00,358.8111269417408,104.98155961223966,38.911816148294925,502.70450270227536,1.4010281871328316,17.026655860912797
2025-01-22 17:00:00,357.96108040823657,124.51138587374417,41.98163607445935,524.4541023564401,1.4651148715897455,15.958942705097359
2025-01-22 18:00:00,378.3993886425075,129.80667025832994,35.07609328890632,543.2821521897438,1.4357373941293787,17.33511074474899
2025-01-22 19:00:00,321.18422470516845,103.14057630463654,41.02448180691753,465.34928281672256,1.4488547289141944,18.143430115033205
2025-01-22 20:00:00,337.08966627984364,131.9324732019998,47.33385450523121,516.3559939870746,1.5318060612347826,19.962653795960865
2025-01-22 21:00:00,319.96788205120737,104.8397468838523,49.632777701356375,474.440406636416,1.4827750947843166,15.93997707589478
2025-01-22 22:00:00,276.2562431800471,112.54373455205045,50.48963797872773,439.2896157108253,1.5901527171080905,20.473816083726923
2025-01-22 23:00:00,252.3530813577039,110.58391631242353,30.718119441808955,393.65511711193636,1.5599378259778034,19.302538819436798
2025-01-23 00:00:00,234.37695555082473,77.13351202617757,33.59903099924069,345.109498576243,1.4724549082275535,17.447241016483023
2025-01-23 01:00:00,208.79141667492667,72.79081733791219,29.645025093759052,311.2272591065979,1.4906132831655456,18.41926170963618
2025-01-23 02:00:00,226.16839980776254,74.09503203572542,30.698149864656735,330.9615817081447,1.4633413951261702,12.398831245385237
2025-01-23 03:00:00,221.55457822010064,54.91969935997821,38.09467834399982,314.56895592407864,1.419826024139181,17.864529839174857
2025-01-23 04:00:00,211.6625218978176,69.66622912618126,46.47575177400908,327.80450279800795,1.5487130166400414,14.325791127246566
2025-01-23 05:00:00,226.12076206435984,71.8652890472736,38.62743680168946,336.6134879133229,1.488644761499229,14.656640273614299
2025-01-23 06:00:00,210.11398705839792,67.7295635458518,38.39759471084449,316.24114531509423,1.5050932579143335,10.840481843138384
2025-01-23 07:00:00,236.46416819896342,74.93314084151555,40.50599783684282,351.90330687732177,1.488188716106986,12.325810850535643
2025-01-23 08:00:00,236.67435494472912,75.75803983574197,39.06526870978401,351.4976634902551,1.4851531488164014,11.283437983045243
2025-01-23 09:00:00,287.9386891136222,109.65160415498724,39.485358905513365,437.0756521741228,1.5179469404392902,12.732765525185991
2025-01-23 10:00:00,337.1987321191217,114.81166027446599,37.750190625211964,489.7605830187997,1.452438981430638,9.273187119704758
2025-01-23 11:00:00,348.2866906274535,101.70642728804533,40.67502655016345,490.6681444656623,1.408805325238534,15.207967273142927
2025-01-23 12:00:00,352.83076896891293,132.12366249496753,35.802382206088524,520.756813669969,1.4759393439290767,12.870466862693299
2025-01-23 13:00:00,369.22642138591044,137.05623535444357,38.83204832027602,545.1147050606301,1.4763697110691967,15.81973904821084
2025-01-23 14:00:00,377.97224233925834,144.78346684681026,48.14986045394403,570.9055696400126,1.510443111130849,14.488816631398919
2025-01-23 15:00:00,407.20380317887856,143.79642724792308,39.21078830184001,590.2110187286416,1.4494241314081509,15.332571573473265
2025-01-23 16:00:00,364.37279080588,126.59560153741454,34.806862733450814,525.7752550767453,1.4429597059481114,16.3952666061542
2025-01-23 17:00:00,398.06239606127264,149.75453782852054,47.347689570392895,595.164623460186,1.495154099832565,18.855263475299505
2025-01-23 18:00:00,371.5564707311484,140.89148132134613,38.60358722653727,551.0515392790318,1.4830896046425277,19.180873059020787
2025-01-23 19:00:00,316.8973748877282,109.67812928212768,42.07702175692127,468.6525259267772,1.47887790516666,17.286813746366978
2025-01-23 20:00:00,332.89409078273695,122.92408895424597,38.80480845785254,494.62298819483544,1.485826879749724,18.19164459227619
2025-01-23 21:00:00,311.8250487388154,124.8099791977872,40.8021269751627,477.4371549117653,1.5311058455463165,20.03849520796666
2025-01-23 22:00:00,268.1770259667703,116.9321701009959,33.79876965321036,418.90796572097656,1.5620576155277495,17.267757990422123
2025-01-23 23:00:00,286.1162097248988,108.71494360647901,33.62688053919674,428.4580338705745,1.4974965391948174,19.446769536067293
2025-01-24 00:00:00,220.89030053078986,84.03588505216067,34.50567429080456,339.4318598737551,1.5366535291867276,16.833597784406965
2025-01-24 01:00:00,214.06332850202242,60.66194801689683,44.64941877921883,319.3746952981381,1.491963605037192,18.590431903722337
2025-01-24 02:00:00,215.83819922192947,70.94928849091704,39.744456152955074,326.5319438658016,1.5128552084056932,16.89451506638228
2025-01-24 03:00:00,218.1548571495991,68.21270638001195,33.240685968058884,319.60824949766993,1.465052182076787,15.944652473852575
2025-01-24 04:00:00,208.84200554788347,61.410797311280476,37.73650082715004,307.989303686314,1.4747478740128164,13.67263579851438
2025-01-24 05:00:00,237.48824206042624,62.993494659299074,37.94242151224806,338.42415823197337,1.4250143724836075,14.83197029017781
2025-01-24 06:00:00,224.39653390726596,92.42057544381953,31.50671904828569,348.32382839937117,1.552269201017692,11.793131439357413
2025-01-24 07:00:00,263.2366430071386,106.5805162948406,38.20275938369921,408.0199186856784,1.5500118601444615,13.96973013243446
2025-01-24 08:00:00,273.066404603024,98.58394722676775,43.757159895175946,415.4075117249677,1.5212692031041866,9.375251301342669
2025-01-24 09:00:00,299.34784421046334,99.01208677057059,35.36748260661837,433.7274135876523,1.4489077572334554,11.598595927080108
2025-01-24 10:00:00,304.5837106885632,103.91157653237254,35.57990317912311,444.07519040005883,1.4579741949960208,10.510786891743432
2025-01-24 11:00:00,341.79860177089796,127.33964272382335,33.6177164737263,502.75596096844765,1.4709128661252886,14.039380734975374
2025-01-24 12:00:00,335.17920715113036,116.69775333601297,30.088265643263018,481.96522613040634,1.4379329500385476,13.550053792519725
2025-01-24 13:00:00,350.74833822814827,109.51060530107884,36.288022266902445,496.54696579612954,1.4156787407874898,14.390620577889008
2025-01-24 14:00:00,382.7523436540143,131.265043681195,37.61561996743248,551.6330073026418,1.4412269877602257,13.096429042307133
2025-01-24 15:00:00,403.4164895904524,131.74309215016228,38.656497874497774,573.8160796151124,1.4223912369017173,15.06953738967069
2025-01-24 16:00:00,367.12739787598423,127.88944232372673,36.23256519999682,531.2494053997077,1.4470437468662145,14.49785843646962
2025-01-24 17:00:00,385.0339571232725,133.21676737210876,49.510475785873936,567.7612002812552,1.4745743583843978,15.839928491790644
2025-01-24 18:00:00,402.38510261844664,154.60313146621002,43.21926099485234,600.2074950795089,1.4916245436865572,20.131561769071563
2025-01-24 19:00:00,353.4992109344723,130.0275296050148,40.341827382102274,523.8685679215893,1.481951166274875,16.743206279053908
2025-01-24 20:00:00,332.9376192838683,115.6651379156638,40.08033881601228,488.6830960155444,1.467791765516545,19.53007156352914
2025-01-24 21:00:00,295.95568741384227,113.1319605439665,45.54620257530635,454.63385053311515,1.5361551403382534,20.593348243737637
2025-01-24 22:00:00,240.67437223759313,87.41450751023824,40.8057839381866,368.89466368601796,1.532754236590866,20.054390714720927
2025-01-24 23:00:00,246.07752862838413,111.0481116254862,31.858007130110963,388.9836473839813,1.5807361588526352,21.185080160233255
2025-01-25 00:00:00,193.66392748765867,75.81349689404864,41.193596255552215,310.6710206372595,1.6041759798404231,15.117769100940638
2025-01-25 01:00:00,160.6390846222624,61.44826554578967,29.173986830644182,251.26133699869627,1.5641357617887897,18.620421395799134
2025-01-25 02:00:00,176.69168221176673,64.99579987404175,38.60668566730675,280.29416775311523,1.5863461383381923,18.703749371363475
2025-01-25 03:00:00,157.66143991594183,46.09284300868072,36.91746088256293,240.67174380718546,1.5265098678250122,13.322610022716582
2025-01-25 04:00:00,188.5818841087257,59.6683725613679,24.89870577249351,273.1489624425871,1.4484369149960599,13.828618930748
2025-01-25 05:00:00,182.74167591664292,51.46261567543403,27.82075036793487,262.02504196001183,1.433854869972484,12.488733957963692
2025-01-25 06:00:00,197.04663328558257,83.0372357324575,43.80844049752733,323.89230951556743,1.643734298399027,10.915901895389446
2025-01-25 07:00:00,215.0384893312211,89.8107928435069,38.06771029359962,342.91699246832763,1.5946772763090653,12.617134215282821
2025-01-25 08:00:00,222.92176965632697,89.46909359248201,36.41610052994801,348.806963778757,1.564705700643343,9.776595621920045
2025-01-25 09:00:00,273.25542939143133,91.15111374952257,45.024920741477025,409.43146388243093,1.4983470403288162,11.34854160958131
2025-01-25 10:00:00,244.04765455496255,65.06109146132304,43.787793847037555,352.89653986332314,1.4460148797858923,11.82139670494702
2025-01-25 11:00:00,266.9825413047441,107.16093880776612,37.03669435646789,411.18017446897807,1.540101358161998,8.905494210458512
2025-01-25 12:00:00,296.10953266780785,107.44658039933803,47.41761539642962,450.97372846357547,1.5229963196406207,10.711756162192568
2025-01-25 13:00:00,311.20151441978715,106.84989553033535,42.355853218207066,460.40726316832956,1.4794505869507923,12.45358620311754
2025-01-25 14:00:00,292.3482399495722,97.87645631757246,30.507133516127112,420.73182978327173,1.4391461014297358,16.006102185026897
2025-01-25 15:00:00,336.452072508831,127.72758019457322,47.9830919274683,512.1627446308726,1.5222457713272954,14.785035573635826
2025-01-25 16:00:00,312.70589135232734,108.67659087624378,33.317136195207766,454.6996184237789,1.4540807544667154,16.2888874916083
2025-01-25 17:00:00,320.4878616700498,118.89857602667858,35.46343483058775,474.84987252731617,1.481646980490593,14.121053463629192
2025-01-25 18:00:00,286.9516935458506,89.19338139408435,44.46722219054231,420.61229713047726,1.4657947891263088,21.30941930160808
2025-01-25 19:00:00,272.9315519581966,100.61520340081039,30.277182935332057,403.8239382943391,1.479579533392279,18.725036170604355
2025-01-25 20:00:00,269.27231872982105,93.35643238107662,39.09290390281414,401.7216550137118,1.4918787675935827,19.961055623717765
2025-01-25 21:00:00,237.19370891747934,96.73630805046841,41.52949882527349,375.4595157932212,1.5829235838790527,21.10693877638417
2025-01-25 22:00:00,214.10428251629273,89.10273409133698,34.35305659314963,337.56007320077936,1.5766152326966743,19.680732619967674
2025-01-25 23:00:00,213.59167669356896,90.14593884366501,39.705380149813216,343.4429956870472,1.6079418496244613,17.399165770431836
2025-01-26 00:00:00,206.8580999539993,68.94821091143807,32.8121024162401,308.6184132816775,1.4919329402634338,16.259021955677788
2025-01-26 01:00:00,177.09477757379742,68.04078679099428,39.01070803855762,284.1462724033493,1.6044870226901091,19.263590860242083
2025-01-26 02:00:00,181.44934913918198,73.16359964759705,41.41774406461548,296.0306928513945,1.631478394691414,13.426175932994221
2025-01-26 03:00:00,157.16666173800687,50.14811902658648,38.79104415099242,246.10582491558574,1.565890769671232,16.554344356488066
2025-01-26 04:00:00,181.07632523347806,66.96791246479592,35.4797148848091,283.5239525830831,1.5657704132084085,16.91182824244717
2025-01-26 05:00:00,165.9824589281457,52.60091503542573,27.997631276434348,246.58100524000577,1.4855847228215329,12.130416290767693
2025-01-26 06:00:00,198.69368803068355,59.093968838443004,33.327799068676846,291.11545593780335,1.465146974839218,11.406269476250845
2025-01-26 07:00:00,189.82185851963945,79.46764926171183,27.9657694489449,297.2552772302962,1.5659696915228623,12.578946262936245
2025-01-26 08:00:00,230.15236612738636,76.27459917186033,30.56504530750573,336.99201060675244,1.4642126704021445,12.04782031280729
2025-01-26 09:00:00,262.32814615921995,88.82325722774817,33.70467880903755,384.8560821960057,1.4670788774698138,11.390319917946178
2025-01-26 10:00:00,265.80034213213276,97.86333921450968,41.14948108698105,404.81316243362346,1.5229971458516245,15.799753193552817
2025-01-26 11:00:00,252.54461856480222,87.90300190029131,40.670440366222586,381.11806083131614,1.5091117878384819,10.924180492526746
2025-01-26 12:00:00,322.9313536868833,105.71234991449064,27.610613691618997,456.25431729299294,1.4128523355938383,14.367143210447434
2025-01-26 13:00:00,297.2788850412845,132.1604385401714,43.32260009063242,472.76192367208836,1.5902976883354285,17.308975164454814
2025-01-26 14:00:00,276.80486139091676,109.053754245736,38.319006588519706,424.17762222517246,1.5324066929089406,14.417291053675584
2025-01-26 15:00:00,351.20757719338,119.18240744195307,40.56925230830991,510.959236943643,1.4548639326830395,13.919469835290823
2025-01-26 16:00:00,304.6703746757508,118.59031304818377,37.90622623156431,461.16691395549884,1.513658538170314,19.896021236341955
2025-01-26 17:00:00,320.4737747299131,95.27255727234686,43.587269390235456,459.3336013924954,1.4332954444700186,16.52635450206277
2025-01-26 18:00:00,301.055001737657,96.96659102922895,32.70863287803111,430.730225644917,1.430735988968091,19.960791658744753
2025-01-26 19:00:00,315.2173149445383,121.22521312021676,44.85002700531503,481.29255507007014,1.5268595100962405,16.216266187252884
2025-01-26 20:00:00,292.0421240626477,115.285885690775,46.72358016526107,454.05158991868376,1.5547469098029243,19.33048836567304
2025-01-26 21:00:00,213.503220871506,78.64359693901869,31.123133811111714,323.2699516216364,1.514122130345715,15.42490386043372
2025-01-26 22:00:00,233.2689508543836,81.68570257536535,35.8172659090334,350.77191933878237,1.503723140409497,16.32115784630592
2025-01-26 23:00:00,188.5308267964672,70.65905000347254,30.992971909161223,290.18284870910094,1.5391798446965625,16.102605578181905
2025-01-27 00:00:00,233.23516813743947,79.32131509765176,34.26762409544249,346.82410733053376,1.4870146303415068,17.261372953995494
2025-01-27 01:00:00,216.8514999618951,84.03845731845063,26.663813254680164,327.5537705350259,1.5104980624647895,17.866022002388416
2025-01-27 02:00:00,208.22404262287134,83.89322927424354,40.28566119178666,332.4029330889015,1.5963715280033197,17.533605101702634
2025-01-27 03:00:00,186.44771490159644,59.62553588494429,42.85916291335235,288.9324136998931,1.5496699106899012,13.885653459464223
2025-01-27 04:00:00,222.60859304958953,86.76565736088357,30.256087052043227,339.6303374625163,1.525683859772917,10.636145821841492
2025-01-27 05:00:00,234.88254732644742,82.46741566407962,44.363728705879765,361.71369169640684,1.5399768770120044,6.974600037639393
2025-01-27 06:00:00,248.91993161313434,85.72778788155166,28.628970021062784,363.2766895157488,1.459411816327931,12.138581695862554
2025-01-27 07:00:00,286.89281110142025,96.50184453139983,28.63063297543599,412.0252886082561,1.4361645627383808,10.515203382901666
2025-01-27 08:00:00,271.7813280441168,101.91288590808102,45.80176645400197,419.49598040619975,1.5435055212406104,9.7914731065127
2025-01-27 09:00:00,282.13240300822247,96.71242628918702,44.7187608071732,423.56359010458266,1.5012936677544206,12.083632712192838
2025-01-27 10:00:00,323.1744315710296,115.94997362805033,35.29604404464676,474.42044924372664,1.468001187276646,12.051577650837864
2025-01-27 11:00:00,297.7892785951922,104.98964876845521,41.81801772985653,444.5969450935039,1.4929917799286476,13.76821835779037
2025-01-27 12:00:00,356.88627455822825,112.3413161020419,35.484728618659815,504.71231927892995,1.41421050698486,14.24504384123006
2025-01-27 13:00:00,353.9637500672049,109.99182406934392,44.07662990613326,508.0322040426821,1.4352661930670165,15.180737635099366
2025-01-27 14:00:00,364.57600456789237,139.68846583306726,52.70103851192742,556.965508912887,1.5277075340518393,13.714600342628874
2025-01-27 15:00:00,364.31122995943906,123.87541434122343,40.03400716876832,528.2206514694308,1.4499159181237447,13.461017627934153
2025-01-27 16:00:00,362.5248444563364,134.0663716978265,42.09420464545867,538.6854207996216,1.4859269069061074,14.173156741229166
2025-01-27 17:00:00,379.94860684914653,130.72127907289078,48.29572890887713,558.9656148309144,1.4711611116733063,16.2638839359562
2025-01-27 18:00:00,330.41779669058326,123.02622712562545,35.761340955719476,489.2053647719282,1.4805660278342698,17.964418138109764
2025-01-27 19:00:00,324.1161692205708,113.20816378169401,40.65766584986857,477.98199885213336,1.4747243249282398,15.288809714356564
2025-01-27 20:00:00,321.2092394622288,117.25300979554675,35.47563514304777,473.93788440082335,1.4754802358558992,18.06102175986678
2025-01-27 21:00:00,291.7726002440596,110.30454284200991,44.05873574875886,446.1358788348284,1.529053373968797,19.150616247879594
2025-01-27 22:00:00,296.78126000875784,123.98134424349391,41.94697602186828,462.70958027412007,1.5590929840397125,20.92360827540014
2025-01-27 23:00:00,252.91838004039246,101.357250783428,38.29436651370075,392.5699973375212,1.55216080885393,17.51633817295357
2025-01-28 00:00:00,268.5650258478755,112.49112400313649,44.736394977877,425.79254482888905,1.5854355699690867,16.70290000099984
2025-01-28 01:00:00,233.69205855323057,68.8426407859233,34.56446348970388,337.09916282885774,1.4424930180161557,15.76260466880925
2025-01-28 02:00:00,190.85798323380655,77.2896058973797,39.54421656198335,307.6918056931696,1.6121505659851716,17.563743013458712
2025-01-28 03:00:00,203.6930961066119,58.61210653962885,31.891392973305532,294.19659561954626,1.4443130437055427,11.4748311048401
2025-01-28 04:00:00,237.3737568625655,79.30180197667325,36.089613897661025,352.7651727368998,1.486116988665868,14.574114372015828
2025-01-28 05:00:00,194.92972732656392,63.96276590437462,41.01401447979808,299.9065077107366,1.5385365373661355,10.27932594561318
2025-01-28 06:00:00,215.69987425785646,83.31479458360116,44.464910290827326,343.4795791322849,1.5923958245876182,11.179811527076447
2025-01-28 07:00:00,218.80829201296936,90.11515964469042,39.51913708475782,348.44258874241757,1.592456051536495,12.718956221739994
2025-01-28 08:00:00,271.428608775974,96.14202282656035,45.85989505357835,413.4305266561127,1.5231648886258016,10.03971560222526
2025-01-28 09:00:00,313.63926102544724,122.25723176012579,37.87396356859739,473.77045635417045,1.510558514916699,10.448186924201153
2025-01-28 10:00:00,340.09044814482075,120.80849239864834,35.90267905924527,496.80161960271437,1.4607926282926984,9.068526658934093
2025-01-28 11:00:00,338.4927750118425,125.4852564940168,39.75413494806709,503.7321664539264,1.4881622404977561,8.387389946049327
2025-01-28 12:00:00,336.470447822832,112.60133459004176,42.98085456796073,492.05263698083445,1.4623948110888003,13.996934829027856
2025-01-28 13:00:00,378.9789369363225,136.0010718838608,46.32828995377141,561.3082987739547,1.4811068480786516,12.081682574234293
2025-01-28 14:00:00,380.8321080335855,131.6403540922372,50.5361849316087,563.0086470574313,1.4783644424429143,13.841227916888108
2025-01-28 15:00:00,401.1768815903228,120.25529930377886,34.10026498401463,555.5324458781163,1.38475687750477,13.81676440746191
2025-01-28 16:00:00,388.0366230895146,143.02575573276982,41.77047568049448,572.8328545027789,1.4762339954974673,15.409372985865076
2025-01-28 17:00:00,396.45375637099033,149.45598432091353,35.28675520420677,581.1964958961106,1.4659881172931635,16.6584808157401
2025-01-28 18:00:00,350.53074050822806,101.69998473471588,37.52565895815536,489.7563842010993,1.3971852611015243,18.071695819205576
2025-01-28 19:00:00,343.1254337403109,122.7231210860669,47.08732604274311,512.9358808691209,1.4948932093950469,16.33170978498107
2025-01-28 20:00:00,318.6783842053662,117.74383623144757,42.662354455208735,479.08457489202254,1.5033481988012265,17.559403238619822
2025-01-28 21:00:00,289.5272179040438,120.27672170108205,39.60290840565866,449.40684801078453,1.5522093268610366,19.06233307062013
2025-01-28 22:00:00,282.3414526936983,95.12021388149886,39.04043158289663,416.50209815809376,1.475171619981503,18.028176053656168
2025-01-28 23:00:00,222.1055804730426,92.15167357665622,30.924698711767224,345.18195276146605,1.5541345337937669,18.12563241415291
2025-01-29 00:00:00,206.92385931222242,79.4710433373507,43.79219276790946,330.18709541748257,1.5956936842129512,16.3874403420909
2025-01-29 01:00:00,175.09486928590297,79.433757345996,35.303069606462905,289.83169623836187,1.6552837751351315,16.889062747536194
2025-01-29 02:00:00,211.39261588400805,73.558107245143,41.00894457243925,325.9596677015903,1.541963357322025,14.933292295878257
2025-01-29 03:00:00,221.78501323172813,67.81873029591212,27.45224259281664,317.05598612045685,1.4295645206161272,10.966292468500278
2025-01-29 04:00:00,218.37177479710962,80.46447309014624,40.93733643186662,339.7735843191225,1.5559409389551737,11.776195322503781
2025-01-29 05:00:00,248.4053346220001,88.23696891722194,41.00775971937123,377.65006325859326,1.5202977175722319,13.281461614175294
2025-01-29 06:00:00,236.42968328743746,71.32246798792114,35.753728481292995,343.50587975665155,1.4528881271605694,16.029733829574507
2025-01-29 07:00:00,236.82926152430304,74.76585440567017,41.847502871184155,353.4426188011573,1.4923942106068155,9.756126421153418
2025-01-29 08:00:00,280.9346108257611,103.70507891356506,34.07843441213079,418.71812415145695,1.4904469154608748,7.37920362424971
2025-01-29 09:00:00,301.6043265031447,107.18851888127905,43.18155887149739,451.9744042559211,1.4985673763244525,11.534243148343595
2025-01-29 10:00:00,324.9418961453912,120.6213442345023,46.355996794468794,491.9192371743623,1.5138683038713456,14.471009365872776
2025-01-29 11:00:00,363.06493183964733,140.26623670734247,42.51440340229425,545.845571949284,1.5034378814375944,9.829330470109802
2025-01-29 12:00:00,346.9807986323099,117.91894439799069,38.89555995727026,503.7953029875709,1.4519400064020107,11.268895531522196
2025-01-29 13:00:00,362.28409850109205,115.62568772195438,48.02137608389162,525.9311623069381,1.4517092096587085,12.079463149595782
2025-01-29 14:00:00,384.64774685804844,121.80113097643742,44.021057277189385,550.4699351116752,1.4311014157969897,15.65013497606987
2025-01-29 15:00:00,410.1717141861045,145.78949717806452,45.90321791688294,601.8644292810519,1.4673474753745988,11.245897790638175
2025-01-29 16:00:00,372.1126445389532,137.77671039244666,48.92289869627622,558.8122536276761,1.5017287421663494,16.87099882975887
2025-01-29 17:00:00,400.5967028720759,138.51944753163767,49.865604759843414,588.9817551635571,1.4702611153333403,16.577167593290643
2025-01-29 18:00:00,387.03447921558757,135.83670615941128,34.197342687471064,557.0685280624699,1.4393253262383614,17.256821263066506
2025-01-29 19:00:00,337.33937845219157,108.59499458376814,41.03987371091911,486.9742467468788,1.4435736764004674,17.632226185374726
2025-01-29 20:00:00,311.3125396523943,88.95846693572157,39.734563220970536,440.0055698090864,1.4133885204251273,19.47941311570688
2025-01-29 21:00:00,297.6496316752651,99.78946717902902,36.38453811778727,433.8236369720814,1.4574976442281702,20.169331638199946
2025-01-29 22:00:00,248.2669544389587,94.38203022652542,52.37675306666742,395.0257377321516,1.5911329746838152,16.048232542625605
2025-01-29 23:00:00,281.78472111577645,106.02546614850921,46.54870418047175,434.35889144475743,1.5414565052527922,17.481066443443414
2025-01-30 00:00:00,238.91014687114304,81.09164455845264,40.23573748613661,360.2375289157323,1.5078368735423682,18.47664557154212
2025-01-30 01:00:00,241.08059850640237,92.73864724742381,40.03214117904572,373.8513869328719,1.5507319512604558,14.163052049641221
2025-01-30 02:00:00,201.1249197958986,91.56582568069268,31.45982781106299,324.15057328765425,1.611687769057171,16.903001263688786
2025-01-30 03:00:00,212.87911069287227,87.02338485544053,21.177085798494954,321.07958134680774,1.5082719027797888,15.728877062744386
2025-01-30 04:00:00,209.709209729366,81.48482029590079,39.5115067576815,330.7055367829483,1.576971927984138,13.242218890413055
2025-01-30 05:00:00,250.4431335681515,117.08790858429774,35.94380268692641,403.47484483937563,1.6110437490975595,9.814239848188794
2025-01-30 06:00:00,216.713508426312,71.61592527903973,31.504108262734928,319.83354196808665,1.475835744114853,9.85325203830798
2025-01-30 07:00:00,276.03327759486916,99.21115182998527,41.680828347568806,416.92525777242327,1.5104166476055818,9.993245283563374
2025-01-30 08:00:00,276.93118394298324,107.51402551834339,23.706802737737497,408.15201219906413,1.473839119118841,11.119111303242713
2025-01-30 09:00:00,298.79997359452403,84.00583779319676,42.0314085173011,424.83721990502187,1.4218114372444097,10.286773071369733
2025-01-30 10:00:00,291.65788369387656,90.16652584202589,36.90552703141762,418.72993656732,1.4356887297681211,10.366367115567636
2025-01-30 11:00:00,341.78438674333756,121.40604166344143,35.423986803458945,498.61441521023795,1.4588566199914557,12.028560579617064
2025-01-30 12:00:00,355.56537945641037,146.08248966452607,44.344197906545816,545.9920670274822,1.5355602614129555,11.339369651267166
2025-01-30 13:00:00,387.56813998745065,144.2803221183574,40.92696224313208,572.7754243489401,1.4778702510672999,11.902914662849069
2025-01-30 14:00:00,377.4535130026446,133.71200019492477,40.49659931960013,551.6621125171695,1.4615365694405507,13.200294064412768
2025-01-30 15:00:00,378.1158835913419,138.8432880133414,42.99942545526162,559.958597059945,1.4809179443652625,14.53689316780133
2025-01-30 16:00:00,402.512168650872,138.01341170526635,33.48429816959175,574.0098785257301,1.4260683855836678,14.464284707934196
2025-01-30 17:00:00,381.2324760528065,128.79441216141763,43.92463728737981,553.9515255016039,1.4530543967216298,14.742275680943361
2025-01-30 18:00:00,354.960378226737,117.76926385213791,45.63647206528194,518.3661141441569,1.4603492275215058,16.417333795339093
2025-01-30 19:00:00,347.7937457046205,139.26958408330768,45.36038982596067,532.4237196138888,1.5308605349852198,17.81668465643232
2025-01-30 20:00:00,331.96546189938687,116.73232486474363,47.09683402950682,495.79462079363736,1.4935126623019124,15.37106662030388
2025-01-30 21:00:00,296.1322022944333,108.08151105846916,42.275021578294535,446.488734931197,1.5077344897711251,17.4943191166772
2025-01-30 22:00:00,274.34622272232104,82.31020577456226,40.28930989971591,396.94573839659927,1.4468788177862653,16.954429033464308
2025-01-30 23:00:00,281.4113856957809,93.50778280394705,33.29712462769686,408.2162931274248,1.4506033297768772,15.246907025892176
